file,line,type,commit,author,date,time,timezone,datetime,depth,length
style.css,1,css,dd1aae43,Donghyun Koo,2026-04-10,14:26:06,-07:00,2026-04-10T14:26:06-07:00,0,3
style.css,2,css,dd1aae43,Donghyun Koo,2026-04-10,14:26:06,-07:00,2026-04-10T14:26:06-07:00,0,29
style.css,3,css,dd1aae43,Donghyun Koo,2026-04-10,14:26:06,-07:00,2026-04-10T14:26:06-07:00,0,0
style.css,4,css,dd1aae43,Donghyun Koo,2026-04-10,14:26:06,-07:00,2026-04-10T14:26:06-07:00,0,0
style.css,5,css,dd1aae43,Donghyun Koo,2026-04-10,14:26:06,-07:00,2026-04-10T14:26:06-07:00,0,2
style.css,6,css,dd1aae43,Donghyun Koo,2026-04-10,14:26:06,-07:00,2026-04-10T14:26:06-07:00,0,30
style.css,7,css,681d3c3c,Donghyun Koo,2026-04-17,16:43:48,-07:00,2026-04-17T16:43:48-07:00,0,21
style.css,8,css,dd1aae43,Donghyun Koo,2026-04-10,14:26:06,-07:00,2026-04-10T14:26:06-07:00,0,0
style.css,9,css,dd1aae43,Donghyun Koo,2026-04-10,14:26:06,-07:00,2026-04-10T14:26:06-07:00,0,0
style.css,10,css,227e74dc,Donghyun Koo,2026-04-04,00:35:20,-07:00,2026-04-04T00:35:20-07:00,0,2
style.css,11,css,227e74dc,Donghyun Koo,2026-04-04,00:35:20,-07:00,2026-04-04T00:35:20-07:00,0,41
style.css,12,css,227e74dc,Donghyun Koo,2026-04-04,00:35:20,-07:00,2026-04-04T00:35:20-07:00,0,40
style.css,13,css,227e74dc,Donghyun Koo,2026-04-04,00:35:20,-07:00,2026-04-04T00:35:20-07:00,0,0
style.css,14,css,227e74dc,Donghyun Koo,2026-04-04,00:35:20,-07:00,2026-04-04T00:35:20-07:00,0,21
style.css,15,css,dd1aae43,Donghyun Koo,2026-04-10,14:26:06,-07:00,2026-04-10T14:26:06-07:00,0,13
style.css,16,css,dd1aae43,Donghyun Koo,2026-04-10,14:26:06,-07:00,2026-04-10T14:26:06-07:00,0,40
style.css,17,css,dd1aae43,Donghyun Koo,2026-04-10,14:26:06,-07:00,2026-04-10T14:26:06-07:00,0,0
style.css,18,css,dd1aae43,Donghyun Koo,2026-04-10,14:26:06,-07:00,2026-04-10T14:26:06-07:00,0,0
style.css,19,css,dd1aae43,Donghyun Koo,2026-04-10,14:26:06,-07:00,2026-04-10T14:26:06-07:00,0,1
style.css,20,css,681d3c3c,Donghyun Koo,2026-04-17,16:43:48,-07:00,2026-04-17T16:43:48-07:00,0,33
style.css,21,css,dd1aae43,Donghyun Koo,2026-04-10,14:26:06,-07:00,2026-04-10T14:26:06-07:00,0,10
style.css,22,css,dd1aae43,Donghyun Koo,2026-04-10,14:26:06,-07:00,2026-04-10T14:26:06-07:00,0,15
style.css,23,css,681d3c3c,Donghyun Koo,2026-04-17,16:43:48,-07:00,2026-04-17T16:43:48-07:00,0,41
style.css,24,css,dd1aae43,Donghyun Koo,2026-04-10,14:26:06,-07:00,2026-04-10T14:26:06-07:00,0,0
style.css,25,css,dd1aae43,Donghyun Koo,2026-04-10,14:26:06,-07:00,2026-04-10T14:26:06-07:00,0,0
style.css,26,css,dd1aae43,Donghyun Koo,2026-04-10,14:26:06,-07:00,2026-04-10T14:26:06-07:00,0,3
style.css,27,css,dd1aae43,Donghyun Koo,2026-04-10,14:26:06,-07:00,2026-04-10T14:26:06-07:00,0,4
style.css,28,css,dd1aae43,Donghyun Koo,2026-04-10,14:26:06,-07:00,2026-04-10T14:26:06-07:00,0,18
style.css,29,css,dd1aae43,Donghyun Koo,2026-04-10,14:26:06,-07:00,2026-04-10T14:26:06-07:00,0,11
style.css,30,css,dd1aae43,Donghyun Koo,2026-04-10,14:26:06,-07:00,2026-04-10T14:26:06-07:00,0,15
style.css,31,css,dd1aae43,Donghyun Koo,2026-04-10,14:26:06,-07:00,2026-04-10T14:26:06-07:00,0,11
style.css,32,css,dd1aae43,Donghyun Koo,2026-04-10,14:26:06,-07:00,2026-04-10T14:26:06-07:00,0,0
style.css,33,css,dd1aae43,Donghyun Koo,2026-04-10,14:26:06,-07:00,2026-04-10T14:26:06-07:00,0,0
style.css,34,css,dd1aae43,Donghyun Koo,2026-04-10,14:26:06,-07:00,2026-04-10T14:26:06-07:00,0,11
style.css,35,css,681d3c3c,Donghyun Koo,2026-04-17,16:43:48,-07:00,2026-04-17T16:43:48-07:00,0,43
style.css,36,css,dd1aae43,Donghyun Koo,2026-04-10,14:26:06,-07:00,2026-04-10T14:26:06-07:00,0,18
style.css,37,css,dd1aae43,Donghyun Koo,2026-04-10,14:26:06,-07:00,2026-04-10T14:26:06-07:00,0,0
style.css,38,css,dd1aae43,Donghyun Koo,2026-04-10,14:26:06,-07:00,2026-04-10T14:26:06-07:00,0,0
style.css,39,css,dd1aae43,Donghyun Koo,2026-04-10,14:26:06,-07:00,2026-04-10T14:26:06-07:00,0,9
style.css,40,css,dd1aae43,Donghyun Koo,2026-04-10,14:26:06,-07:00,2026-04-10T14:26:06-07:00,0,43
style.css,41,css,dd1aae43,Donghyun Koo,2026-04-10,14:26:06,-07:00,2026-04-10T14:26:06-07:00,0,18
style.css,42,css,681d3c3c,Donghyun Koo,2026-04-17,16:43:48,-07:00,2026-04-17T16:43:48-07:00,0,67
style.css,43,css,dd1aae43,Donghyun Koo,2026-04-10,14:26:06,-07:00,2026-04-10T14:26:06-07:00,0,0
style.css,44,css,dd1aae43,Donghyun Koo,2026-04-10,14:26:06,-07:00,2026-04-10T14:26:06-07:00,0,0
style.css,45,css,dd1aae43,Donghyun Koo,2026-04-10,14:26:06,-07:00,2026-04-10T14:26:06-07:00,0,2
style.css,46,css,dd1aae43,Donghyun Koo,2026-04-10,14:26:06,-07:00,2026-04-10T14:26:06-07:00,0,5
style.css,47,css,681d3c3c,Donghyun Koo,2026-04-17,16:43:48,-07:00,2026-04-17T16:43:48-07:00,0,3
style.css,48,css,681d3c3c,Donghyun Koo,2026-04-17,16:43:48,-07:00,2026-04-17T16:43:48-07:00,0,4
style.css,49,css,dd1aae43,Donghyun Koo,2026-04-10,14:26:06,-07:00,2026-04-10T14:26:06-07:00,0,10
style.css,50,css,dd1aae43,Donghyun Koo,2026-04-10,14:26:06,-07:00,2026-04-10T14:26:06-07:00,0,0
style.css,51,css,dd1aae43,Donghyun Koo,2026-04-10,14:26:06,-07:00,2026-04-10T14:26:06-07:00,0,0
style.css,52,css,dd1aae43,Donghyun Koo,2026-04-10,14:26:06,-07:00,2026-04-10T14:26:06-07:00,0,2
style.css,53,css,dd1aae43,Donghyun Koo,2026-04-10,14:26:06,-07:00,2026-04-10T14:26:06-07:00,0,10
style.css,54,css,dd1aae43,Donghyun Koo,2026-04-10,14:26:06,-07:00,2026-04-10T14:26:06-07:00,0,28
style.css,55,css,dd1aae43,Donghyun Koo,2026-04-10,14:26:06,-07:00,2026-04-10T14:26:06-07:00,0,5
style.css,56,css,dd1aae43,Donghyun Koo,2026-04-10,14:26:06,-07:00,2026-04-10T14:26:06-07:00,0,0
style.css,57,css,dd1aae43,Donghyun Koo,2026-04-10,14:26:06,-07:00,2026-04-10T14:26:06-07:00,0,0
style.css,58,css,dd1aae43,Donghyun Koo,2026-04-10,14:26:06,-07:00,2026-04-10T14:26:06-07:00,0,3
style.css,59,css,dd1aae43,Donghyun Koo,2026-04-10,14:26:06,-07:00,2026-04-10T14:26:06-07:00,0,10
style.css,60,css,dd1aae43,Donghyun Koo,2026-04-10,14:26:06,-07:00,2026-04-10T14:26:06-07:00,0,27
style.css,61,css,dd1aae43,Donghyun Koo,2026-04-10,14:26:06,-07:00,2026-04-10T14:26:06-07:00,0,16
style.css,62,css,dd1aae43,Donghyun Koo,2026-04-10,14:26:06,-07:00,2026-04-10T14:26:06-07:00,0,0
style.css,63,css,dd1aae43,Donghyun Koo,2026-04-10,14:26:06,-07:00,2026-04-10T14:26:06-07:00,0,0
style.css,64,css,dd1aae43,Donghyun Koo,2026-04-10,14:26:06,-07:00,2026-04-10T14:26:06-07:00,0,4
style.css,65,css,dd1aae43,Donghyun Koo,2026-04-10,14:26:06,-07:00,2026-04-10T14:26:06-07:00,0,16
style.css,66,css,dd1aae43,Donghyun Koo,2026-04-10,14:26:06,-07:00,2026-04-10T14:26:06-07:00,0,0
style.css,67,css,dd1aae43,Donghyun Koo,2026-04-10,14:26:06,-07:00,2026-04-10T14:26:06-07:00,0,0
style.css,68,css,dd1aae43,Donghyun Koo,2026-04-10,14:26:06,-07:00,2026-04-10T14:26:06-07:00,0,7
style.css,69,css,dd1aae43,Donghyun Koo,2026-04-10,14:26:06,-07:00,2026-04-10T14:26:06-07:00,0,10
style.css,70,css,dd1aae43,Donghyun Koo,2026-04-10,14:26:06,-07:00,2026-04-10T14:26:06-07:00,0,56
style.css,71,css,dd1aae43,Donghyun Koo,2026-04-10,14:26:06,-07:00,2026-04-10T14:26:06-07:00,0,5
style.css,72,css,dd1aae43,Donghyun Koo,2026-04-10,14:26:06,-07:00,2026-04-10T14:26:06-07:00,0,0
style.css,73,css,dd1aae43,Donghyun Koo,2026-04-10,14:26:06,-07:00,2026-04-10T14:26:06-07:00,0,0
style.css,74,css,dd1aae43,Donghyun Koo,2026-04-10,14:26:06,-07:00,2026-04-10T14:26:06-07:00,0,15
style.css,75,css,dd1aae43,Donghyun Koo,2026-04-10,14:26:06,-07:00,2026-04-10T14:26:06-07:00,0,10
style.css,76,css,dd1aae43,Donghyun Koo,2026-04-10,14:26:06,-07:00,2026-04-10T14:26:06-07:00,0,24
style.css,77,css,dd1aae43,Donghyun Koo,2026-04-10,14:26:06,-07:00,2026-04-10T14:26:06-07:00,0,13
style.css,78,css,dd1aae43,Donghyun Koo,2026-04-10,14:26:06,-07:00,2026-04-10T14:26:06-07:00,0,5
style.css,79,css,dd1aae43,Donghyun Koo,2026-04-10,14:26:06,-07:00,2026-04-10T14:26:06-07:00,0,0
style.css,80,css,dd1aae43,Donghyun Koo,2026-04-10,14:26:06,-07:00,2026-04-10T14:26:06-07:00,0,0
style.css,81,css,dd1aae43,Donghyun Koo,2026-04-10,14:26:06,-07:00,2026-04-10T14:26:06-07:00,0,10
style.css,82,css,dd1aae43,Donghyun Koo,2026-04-10,14:26:06,-07:00,2026-04-10T14:26:06-07:00,0,6
style.css,83,css,dd1aae43,Donghyun Koo,2026-04-10,14:26:06,-07:00,2026-04-10T14:26:06-07:00,0,0
style.css,84,css,dd1aae43,Donghyun Koo,2026-04-10,14:26:06,-07:00,2026-04-10T14:26:06-07:00,0,0
style.css,85,css,dd1aae43,Donghyun Koo,2026-04-10,14:26:06,-07:00,2026-04-10T14:26:06-07:00,0,0
style.css,86,css,dd1aae43,Donghyun Koo,2026-04-10,14:26:06,-07:00,2026-04-10T14:26:06-07:00,0,12
style.css,87,css,dd1aae43,Donghyun Koo,2026-04-10,14:26:06,-07:00,2026-04-10T14:26:06-07:00,0,0
style.css,88,css,dd1aae43,Donghyun Koo,2026-04-10,14:26:06,-07:00,2026-04-10T14:26:06-07:00,0,0
style.css,89,css,dd1aae43,Donghyun Koo,2026-04-10,14:26:06,-07:00,2026-04-10T14:26:06-07:00,0,20
style.css,90,css,dd1aae43,Donghyun Koo,2026-04-10,14:26:06,-07:00,2026-04-10T14:26:06-07:00,0,13
style.css,91,css,dd1aae43,Donghyun Koo,2026-04-10,14:26:06,-07:00,2026-04-10T14:26:06-07:00,0,15
style.css,92,css,5619fbd5,Donghyun Koo,2026-04-10,15:15:50,-07:00,2026-04-10T15:15:50-07:00,0,0
style.css,93,css,5619fbd5,Donghyun Koo,2026-04-10,15:15:50,-07:00,2026-04-10T15:15:50-07:00,0,0
style.css,94,css,5619fbd5,Donghyun Koo,2026-04-10,15:15:50,-07:00,2026-04-10T15:15:50-07:00,0,5
style.css,95,css,5619fbd5,Donghyun Koo,2026-04-10,15:15:50,-07:00,2026-04-10T15:15:50-07:00,0,12
style.css,96,css,5619fbd5,Donghyun Koo,2026-04-10,15:15:50,-07:00,2026-04-10T15:15:50-07:00,0,16
style.css,97,css,5619fbd5,Donghyun Koo,2026-04-10,15:15:50,-07:00,2026-04-10T15:15:50-07:00,0,15
style.css,98,css,5619fbd5,Donghyun Koo,2026-04-10,15:15:50,-07:00,2026-04-10T15:15:50-07:00,0,0
style.css,99,css,5619fbd5,Donghyun Koo,2026-04-10,15:15:50,-07:00,2026-04-10T15:15:50-07:00,0,0
style.css,100,css,5619fbd5,Donghyun Koo,2026-04-10,15:15:50,-07:00,2026-04-10T15:15:50-07:00,0,12
style.css,101,css,5619fbd5,Donghyun Koo,2026-04-10,15:15:50,-07:00,2026-04-10T15:15:50-07:00,0,15
style.css,102,css,5619fbd5,Donghyun Koo,2026-04-10,15:15:50,-07:00,2026-04-10T15:15:50-07:00,0,16
style.css,103,css,5619fbd5,Donghyun Koo,2026-04-10,15:15:50,-07:00,2026-04-10T15:15:50-07:00,0,0
style.css,104,css,5619fbd5,Donghyun Koo,2026-04-10,15:15:50,-07:00,2026-04-10T15:15:50-07:00,0,0
style.css,105,css,5619fbd5,Donghyun Koo,2026-04-10,15:15:50,-07:00,2026-04-10T15:15:50-07:00,0,15
style.css,106,css,5619fbd5,Donghyun Koo,2026-04-10,15:15:50,-07:00,2026-04-10T15:15:50-07:00,0,14
style.css,107,css,5619fbd5,Donghyun Koo,2026-04-10,15:15:50,-07:00,2026-04-10T15:15:50-07:00,0,19
style.css,108,css,5619fbd5,Donghyun Koo,2026-04-10,15:15:50,-07:00,2026-04-10T15:15:50-07:00,0,0
style.css,109,css,5619fbd5,Donghyun Koo,2026-04-10,15:15:50,-07:00,2026-04-10T15:15:50-07:00,0,0
style.css,110,css,5619fbd5,Donghyun Koo,2026-04-10,15:15:50,-07:00,2026-04-10T15:15:50-07:00,0,14
style.css,111,css,5619fbd5,Donghyun Koo,2026-04-10,15:15:50,-07:00,2026-04-10T15:15:50-07:00,0,6
style.css,112,css,5619fbd5,Donghyun Koo,2026-04-10,15:15:50,-07:00,2026-04-10T15:15:50-07:00,0,15
style.css,113,css,5619fbd5,Donghyun Koo,2026-04-10,15:15:50,-07:00,2026-04-10T15:15:50-07:00,0,0
style.css,114,css,5619fbd5,Donghyun Koo,2026-04-10,15:15:50,-07:00,2026-04-10T15:15:50-07:00,0,0
style.css,115,css,5619fbd5,Donghyun Koo,2026-04-10,15:15:50,-07:00,2026-04-10T15:15:50-07:00,0,13
style.css,116,css,5619fbd5,Donghyun Koo,2026-04-10,15:15:50,-07:00,2026-04-10T15:15:50-07:00,0,18
style.css,117,css,5619fbd5,Donghyun Koo,2026-04-10,15:15:50,-07:00,2026-04-10T15:15:50-07:00,0,0
style.css,118,css,5619fbd5,Donghyun Koo,2026-04-10,15:15:50,-07:00,2026-04-10T15:15:50-07:00,0,0
style.css,119,css,5619fbd5,Donghyun Koo,2026-04-10,15:15:50,-07:00,2026-04-10T15:15:50-07:00,0,16
style.css,120,css,5619fbd5,Donghyun Koo,2026-04-10,15:15:50,-07:00,2026-04-10T15:15:50-07:00,0,12
style.css,121,css,5619fbd5,Donghyun Koo,2026-04-10,15:15:50,-07:00,2026-04-10T15:15:50-07:00,0,22
style.css,122,css,5619fbd5,Donghyun Koo,2026-04-10,15:15:50,-07:00,2026-04-10T15:15:50-07:00,0,19
style.css,123,css,5619fbd5,Donghyun Koo,2026-04-10,15:15:50,-07:00,2026-04-10T15:15:50-07:00,0,39
style.css,124,css,5619fbd5,Donghyun Koo,2026-04-10,15:15:50,-07:00,2026-04-10T15:15:50-07:00,0,19
style.css,125,css,5619fbd5,Donghyun Koo,2026-04-10,15:15:50,-07:00,2026-04-10T15:15:50-07:00,0,19
style.css,126,css,5619fbd5,Donghyun Koo,2026-04-10,15:15:50,-07:00,2026-04-10T15:15:50-07:00,0,0
style.css,127,css,5619fbd5,Donghyun Koo,2026-04-10,15:15:50,-07:00,2026-04-10T15:15:50-07:00,0,0
style.css,128,css,5619fbd5,Donghyun Koo,2026-04-10,15:15:50,-07:00,2026-04-10T15:15:50-07:00,0,10
style.css,129,css,5619fbd5,Donghyun Koo,2026-04-10,15:15:50,-07:00,2026-04-10T15:15:50-07:00,0,16
style.css,130,css,5619fbd5,Donghyun Koo,2026-04-10,15:15:50,-07:00,2026-04-10T15:15:50-07:00,0,0
style.css,131,css,5619fbd5,Donghyun Koo,2026-04-10,15:15:50,-07:00,2026-04-10T15:15:50-07:00,0,0
style.css,132,css,5619fbd5,Donghyun Koo,2026-04-10,15:15:50,-07:00,2026-04-10T15:15:50-07:00,0,12
style.css,133,css,5619fbd5,Donghyun Koo,2026-04-10,15:15:50,-07:00,2026-04-10T15:15:50-07:00,0,13
style.css,134,css,5619fbd5,Donghyun Koo,2026-04-10,15:15:50,-07:00,2026-04-10T15:15:50-07:00,0,10
style.css,135,css,5619fbd5,Donghyun Koo,2026-04-10,15:15:50,-07:00,2026-04-10T15:15:50-07:00,0,27
style.css,136,css,5619fbd5,Donghyun Koo,2026-04-10,15:15:50,-07:00,2026-04-10T15:15:50-07:00,0,18
style.css,137,css,5619fbd5,Donghyun Koo,2026-04-10,15:15:50,-07:00,2026-04-10T15:15:50-07:00,0,6
style.css,138,css,5619fbd5,Donghyun Koo,2026-04-10,15:15:50,-07:00,2026-04-10T15:15:50-07:00,0,0
style.css,139,css,5619fbd5,Donghyun Koo,2026-04-10,15:15:50,-07:00,2026-04-10T15:15:50-07:00,0,0
style.css,140,css,5619fbd5,Donghyun Koo,2026-04-10,15:15:50,-07:00,2026-04-10T15:15:50-07:00,0,13
style.css,141,css,5619fbd5,Donghyun Koo,2026-04-10,15:15:50,-07:00,2026-04-10T15:15:50-07:00,0,13
style.css,142,css,5619fbd5,Donghyun Koo,2026-04-10,15:15:50,-07:00,2026-04-10T15:15:50-07:00,0,0
style.css,143,css,5619fbd5,Donghyun Koo,2026-04-10,15:15:50,-07:00,2026-04-10T15:15:50-07:00,0,0
style.css,144,css,5619fbd5,Donghyun Koo,2026-04-10,15:15:50,-07:00,2026-04-10T15:15:50-07:00,0,13
style.css,145,css,5619fbd5,Donghyun Koo,2026-04-10,15:15:50,-07:00,2026-04-10T15:15:50-07:00,0,15
style.css,146,css,5619fbd5,Donghyun Koo,2026-04-10,15:15:50,-07:00,2026-04-10T15:15:50-07:00,0,19
style.css,147,css,5619fbd5,Donghyun Koo,2026-04-10,15:15:50,-07:00,2026-04-10T15:15:50-07:00,0,0
style.css,148,css,5619fbd5,Donghyun Koo,2026-04-10,15:15:50,-07:00,2026-04-10T15:15:50-07:00,0,0
style.css,149,css,5619fbd5,Donghyun Koo,2026-04-10,15:15:50,-07:00,2026-04-10T15:15:50-07:00,0,8
style.css,150,css,5619fbd5,Donghyun Koo,2026-04-10,15:15:50,-07:00,2026-04-10T15:15:50-07:00,0,23
style.css,151,css,5619fbd5,Donghyun Koo,2026-04-10,15:15:50,-07:00,2026-04-10T15:15:50-07:00,0,7
style.css,152,css,5619fbd5,Donghyun Koo,2026-04-10,15:15:50,-07:00,2026-04-10T15:15:50-07:00,0,0
style.css,153,css,5619fbd5,Donghyun Koo,2026-04-10,15:15:50,-07:00,2026-04-10T15:15:50-07:00,0,0
style.css,154,css,5619fbd5,Donghyun Koo,2026-04-10,15:15:50,-07:00,2026-04-10T15:15:50-07:00,0,8
style.css,155,css,5619fbd5,Donghyun Koo,2026-04-10,15:15:50,-07:00,2026-04-10T15:15:50-07:00,0,19
style.css,156,css,5619fbd5,Donghyun Koo,2026-04-10,15:15:50,-07:00,2026-04-10T15:15:50-07:00,0,0
style.css,157,css,5619fbd5,Donghyun Koo,2026-04-10,15:15:50,-07:00,2026-04-10T15:15:50-07:00,0,0
style.css,158,css,5619fbd5,Donghyun Koo,2026-04-10,15:15:50,-07:00,2026-04-10T15:15:50-07:00,0,7
style.css,159,css,5619fbd5,Donghyun Koo,2026-04-10,15:15:50,-07:00,2026-04-10T15:15:50-07:00,0,14
style.css,160,css,681d3c3c,Donghyun Koo,2026-04-17,16:43:48,-07:00,2026-04-17T16:43:48-07:00,0,0
style.css,161,css,681d3c3c,Donghyun Koo,2026-04-17,16:43:48,-07:00,2026-04-17T16:43:48-07:00,0,0
style.css,162,css,681d3c3c,Donghyun Koo,2026-04-17,16:43:48,-07:00,2026-04-17T16:43:48-07:00,0,11
style.css,163,css,681d3c3c,Donghyun Koo,2026-04-17,16:43:48,-07:00,2026-04-17T16:43:48-07:00,0,15
style.css,164,css,681d3c3c,Donghyun Koo,2026-04-17,16:43:48,-07:00,2026-04-17T16:43:48-07:00,0,6
style.css,165,css,681d3c3c,Donghyun Koo,2026-04-17,16:43:48,-07:00,2026-04-17T16:43:48-07:00,0,8
style.css,166,css,681d3c3c,Donghyun Koo,2026-04-17,16:43:48,-07:00,2026-04-17T16:43:48-07:00,0,11
style.css,167,css,9a31238d,Donghyun Koo,2026-04-24,15:04:55,-07:00,2026-04-24T15:04:55-07:00,0,0
style.css,168,css,9a31238d,Donghyun Koo,2026-04-24,15:04:55,-07:00,2026-04-24T15:04:55-07:00,0,0
style.css,169,css,9a31238d,Donghyun Koo,2026-04-24,15:04:55,-07:00,2026-04-24T15:04:55-07:00,0,15
style.css,170,css,9a31238d,Donghyun Koo,2026-04-24,15:04:55,-07:00,2026-04-24T15:04:55-07:00,1,10
style.css,171,css,9a31238d,Donghyun Koo,2026-04-24,15:04:55,-07:00,2026-04-24T15:04:55-07:00,1,34
style.css,172,css,9a31238d,Donghyun Koo,2026-04-24,15:04:55,-07:00,2026-04-24T15:04:55-07:00,0,0
style.css,173,css,9a31238d,Donghyun Koo,2026-04-24,15:04:55,-07:00,2026-04-24T15:04:55-07:00,0,0
style.css,174,css,9a31238d,Donghyun Koo,2026-04-24,15:04:55,-07:00,2026-04-24T15:04:55-07:00,0,15
style.css,175,css,9a31238d,Donghyun Koo,2026-04-24,15:04:55,-07:00,2026-04-24T15:04:55-07:00,1,8
style.css,176,css,9a31238d,Donghyun Koo,2026-04-24,15:04:55,-07:00,2026-04-24T15:04:55-07:00,1,14
style.css,177,css,9a31238d,Donghyun Koo,2026-04-24,15:04:55,-07:00,2026-04-24T15:04:55-07:00,1,22
style.css,178,css,9a31238d,Donghyun Koo,2026-04-24,15:04:55,-07:00,2026-04-24T15:04:55-07:00,0,0
style.css,179,css,9a31238d,Donghyun Koo,2026-04-24,15:04:55,-07:00,2026-04-24T15:04:55-07:00,0,0
style.css,180,css,9a31238d,Donghyun Koo,2026-04-24,15:04:55,-07:00,2026-04-24T15:04:55-07:00,0,15
style.css,181,css,9a31238d,Donghyun Koo,2026-04-24,15:04:55,-07:00,2026-04-24T15:04:55-07:00,1,8
style.css,182,css,9a31238d,Donghyun Koo,2026-04-24,15:04:55,-07:00,2026-04-24T15:04:55-07:00,1,6
style.css,183,css,9a31238d,Donghyun Koo,2026-04-24,15:04:55,-07:00,2026-04-24T15:04:55-07:00,1,12
style.css,184,css,5e0e21d4,Donghyun Koo,2026-04-30,17:42:53,-07:00,2026-04-30T17:42:53-07:00,0,0
style.css,185,css,5e0e21d4,Donghyun Koo,2026-04-30,17:42:53,-07:00,2026-04-30T17:42:53-07:00,0,0
style.css,186,css,5e0e21d4,Donghyun Koo,2026-04-30,17:42:53,-07:00,2026-04-30T17:42:53-07:00,0,11
style.css,187,css,5e0e21d4,Donghyun Koo,2026-04-30,17:42:53,-07:00,2026-04-30T17:42:53-07:00,0,24
style.css,188,css,5e0e21d4,Donghyun Koo,2026-04-30,17:42:53,-07:00,2026-04-30T17:42:53-07:00,0,32
style.css,189,css,5e0e21d4,Donghyun Koo,2026-04-30,17:42:53,-07:00,2026-04-30T17:42:53-07:00,0,15
style.css,190,css,5e0e21d4,Donghyun Koo,2026-04-30,17:42:53,-07:00,2026-04-30T17:42:53-07:00,0,8
style.css,191,css,5e0e21d4,Donghyun Koo,2026-04-30,17:42:53,-07:00,2026-04-30T17:42:53-07:00,0,0
style.css,192,css,5e0e21d4,Donghyun Koo,2026-04-30,17:42:53,-07:00,2026-04-30T17:42:53-07:00,0,0
style.css,193,css,5e0e21d4,Donghyun Koo,2026-04-30,17:42:53,-07:00,2026-04-30T17:42:53-07:00,0,16
style.css,194,css,5e0e21d4,Donghyun Koo,2026-04-30,17:42:53,-07:00,2026-04-30T17:42:53-07:00,0,12
style.css,195,css,5e0e21d4,Donghyun Koo,2026-04-30,17:42:53,-07:00,2026-04-30T17:42:53-07:00,0,14
style.css,196,css,5e0e21d4,Donghyun Koo,2026-04-30,17:42:53,-07:00,2026-04-30T17:42:53-07:00,0,0
style.css,197,css,5e0e21d4,Donghyun Koo,2026-04-30,17:42:53,-07:00,2026-04-30T17:42:53-07:00,0,14
style.css,198,css,5e0e21d4,Donghyun Koo,2026-04-30,17:42:53,-07:00,2026-04-30T17:42:53-07:00,0,0
style.css,199,css,5e0e21d4,Donghyun Koo,2026-04-30,17:42:53,-07:00,2026-04-30T17:42:53-07:00,0,0
style.css,200,css,5e0e21d4,Donghyun Koo,2026-04-30,17:42:53,-07:00,2026-04-30T17:42:53-07:00,0,49
style.css,201,css,5e0e21d4,Donghyun Koo,2026-04-30,17:42:53,-07:00,2026-04-30T17:42:53-07:00,1,9
style.css,202,css,5e0e21d4,Donghyun Koo,2026-04-30,17:42:53,-07:00,2026-04-30T17:42:53-07:00,0,0
style.css,203,css,5e0e21d4,Donghyun Koo,2026-04-30,17:42:53,-07:00,2026-04-30T17:42:53-07:00,0,0
style.css,204,css,5e0e21d4,Donghyun Koo,2026-04-30,17:42:53,-07:00,2026-04-30T17:42:53-07:00,0,21
style.css,205,css,5e0e21d4,Donghyun Koo,2026-04-30,17:42:53,-07:00,2026-04-30T17:42:53-07:00,1,14
style.css,206,css,5e0e21d4,Donghyun Koo,2026-04-30,17:42:53,-07:00,2026-04-30T17:42:53-07:00,1,12
style.css,207,css,5e0e21d4,Donghyun Koo,2026-04-30,17:42:53,-07:00,2026-04-30T17:42:53-07:00,0,0
style.css,208,css,5e0e21d4,Donghyun Koo,2026-04-30,17:42:53,-07:00,2026-04-30T17:42:53-07:00,0,0
style.css,209,css,5e0e21d4,Donghyun Koo,2026-04-30,17:42:53,-07:00,2026-04-30T17:42:53-07:00,0,5
style.css,210,css,5e0e21d4,Donghyun Koo,2026-04-30,17:42:53,-07:00,2026-04-30T17:42:53-07:00,1,10
style.css,211,css,5e0e21d4,Donghyun Koo,2026-04-30,17:42:53,-07:00,2026-04-30T17:42:53-07:00,1,55
style.css,212,css,5e0e21d4,Donghyun Koo,2026-04-30,17:42:53,-07:00,2026-04-30T17:42:53-07:00,1,11
style.css,213,css,5e0e21d4,Donghyun Koo,2026-04-30,17:42:53,-07:00,2026-04-30T17:42:53-07:00,0,0
style.css,214,css,5e0e21d4,Donghyun Koo,2026-04-30,17:42:53,-07:00,2026-04-30T17:42:53-07:00,1,13
style.css,215,css,5e0e21d4,Donghyun Koo,2026-04-30,17:42:53,-07:00,2026-04-30T17:42:53-07:00,1,9
style.css,216,css,5e0e21d4,Donghyun Koo,2026-04-30,17:42:53,-07:00,2026-04-30T17:42:53-07:00,1,18
style.css,217,css,5e0e21d4,Donghyun Koo,2026-04-30,17:42:53,-07:00,2026-04-30T17:42:53-07:00,0,0
style.css,218,css,5e0e21d4,Donghyun Koo,2026-04-30,17:42:53,-07:00,2026-04-30T17:42:53-07:00,1,24
style.css,219,css,5e0e21d4,Donghyun Koo,2026-04-30,17:42:53,-07:00,2026-04-30T17:42:53-07:00,0,0
style.css,220,css,5e0e21d4,Donghyun Koo,2026-04-30,17:42:53,-07:00,2026-04-30T17:42:53-07:00,1,4
style.css,221,css,5e0e21d4,Donghyun Koo,2026-04-30,17:42:53,-07:00,2026-04-30T17:42:53-07:00,0,0
style.css,222,css,5e0e21d4,Donghyun Koo,2026-04-30,17:42:53,-07:00,2026-04-30T17:42:53-07:00,0,0
style.css,223,css,5e0e21d4,Donghyun Koo,2026-04-30,17:42:53,-07:00,2026-04-30T17:42:53-07:00,0,10
style.css,224,css,5e0e21d4,Donghyun Koo,2026-04-30,17:42:53,-07:00,2026-04-30T17:42:53-07:00,1,10
style.css,225,css,5e0e21d4,Donghyun Koo,2026-04-30,17:42:53,-07:00,2026-04-30T17:42:53-07:00,1,16
style.css,226,css,5e0e21d4,Donghyun Koo,2026-04-30,17:42:53,-07:00,2026-04-30T17:42:53-07:00,1,7
style.css,227,css,5e0e21d4,Donghyun Koo,2026-04-30,17:42:53,-07:00,2026-04-30T17:42:53-07:00,0,0
style.css,228,css,5e0e21d4,Donghyun Koo,2026-04-30,17:42:53,-07:00,2026-04-30T17:42:53-07:00,0,0
style.css,229,css,5e0e21d4,Donghyun Koo,2026-04-30,17:42:53,-07:00,2026-04-30T17:42:53-07:00,0,5
style.css,230,css,5e0e21d4,Donghyun Koo,2026-04-30,17:42:53,-07:00,2026-04-30T17:42:53-07:00,1,18
style.css,231,css,5e0e21d4,Donghyun Koo,2026-04-30,17:42:53,-07:00,2026-04-30T17:42:53-07:00,1,7
style.css,232,css,5e0e21d4,Donghyun Koo,2026-04-30,17:42:53,-07:00,2026-04-30T17:42:53-07:00,1,16
style.css,233,css,5e0e21d4,Donghyun Koo,2026-04-30,17:42:53,-07:00,2026-04-30T17:42:53-07:00,1,27
style.css,234,css,5e0e21d4,Donghyun Koo,2026-04-30,17:42:53,-07:00,2026-04-30T17:42:53-07:00,1,15
style.css,235,css,5e0e21d4,Donghyun Koo,2026-04-30,17:42:53,-07:00,2026-04-30T17:42:53-07:00,0,0
style.css,236,css,5e0e21d4,Donghyun Koo,2026-04-30,17:42:53,-07:00,2026-04-30T17:42:53-07:00,0,0
style.css,237,css,5e0e21d4,Donghyun Koo,2026-04-30,17:42:53,-07:00,2026-04-30T17:42:53-07:00,0,8
style.css,238,css,5e0e21d4,Donghyun Koo,2026-04-30,17:42:53,-07:00,2026-04-30T17:42:53-07:00,1,10
style.css,239,css,5e0e21d4,Donghyun Koo,2026-04-30,17:42:53,-07:00,2026-04-30T17:42:53-07:00,1,16
style.css,240,css,5e0e21d4,Donghyun Koo,2026-04-30,17:42:53,-07:00,2026-04-30T17:42:53-07:00,1,5
style.css,241,css,5e0e21d4,Donghyun Koo,2026-04-30,17:42:53,-07:00,2026-04-30T17:42:53-07:00,0,0
style.css,242,css,5e0e21d4,Donghyun Koo,2026-04-30,17:42:53,-07:00,2026-04-30T17:42:53-07:00,0,0
style.css,243,css,5e0e21d4,Donghyun Koo,2026-04-30,17:42:53,-07:00,2026-04-30T17:42:53-07:00,0,7
style.css,244,css,5e0e21d4,Donghyun Koo,2026-04-30,17:42:53,-07:00,2026-04-30T17:42:53-07:00,1,33
style.css,245,css,5e0e21d4,Donghyun Koo,2026-04-30,17:42:53,-07:00,2026-04-30T17:42:53-07:00,0,0
style.css,246,css,5e0e21d4,Donghyun Koo,2026-04-30,17:42:53,-07:00,2026-04-30T17:42:53-07:00,0,0
style.css,247,css,5e0e21d4,Donghyun Koo,2026-04-30,17:42:53,-07:00,2026-04-30T17:42:53-07:00,0,11
style.css,248,css,5e0e21d4,Donghyun Koo,2026-04-30,17:42:53,-07:00,2026-04-30T17:42:53-07:00,1,15
style.css,249,css,3fda44b7,Donghyun Koo,2026-04-30,23:11:34,-07:00,2026-04-30T23:11:34-07:00,0,0
style.css,250,css,3fda44b7,Donghyun Koo,2026-04-30,23:11:34,-07:00,2026-04-30T23:11:34-07:00,0,0
style.css,251,css,3fda44b7,Donghyun Koo,2026-04-30,23:11:34,-07:00,2026-04-30T23:11:34-07:00,0,8
style.css,252,css,3fda44b7,Donghyun Koo,2026-04-30,23:11:34,-07:00,2026-04-30T23:11:34-07:00,1,8
style.css,253,css,3fda44b7,Donghyun Koo,2026-04-30,23:11:34,-07:00,2026-04-30T23:11:34-07:00,1,19
style.css,254,css,3fda44b7,Donghyun Koo,2026-04-30,23:11:34,-07:00,2026-04-30T23:11:34-07:00,1,15
style.css,255,css,3fda44b7,Donghyun Koo,2026-04-30,23:11:34,-07:00,2026-04-30T23:11:34-07:00,1,18
style.css,256,css,3fda44b7,Donghyun Koo,2026-04-30,23:11:34,-07:00,2026-04-30T23:11:34-07:00,1,10
style.css,257,css,227e74dc,Donghyun Koo,2026-04-04,00:35:20,-07:00,2026-04-04T00:35:20-07:00,0,0
index.js,1,js,9a31238d,Donghyun Koo,2026-04-24,15:04:55,-07:00,2026-04-24T15:04:55-07:00,0,69
index.js,2,js,9a31238d,Donghyun Koo,2026-04-24,15:04:55,-07:00,2026-04-24T15:04:55-07:00,0,0
index.js,3,js,9a31238d,Donghyun Koo,2026-04-24,15:04:55,-07:00,2026-04-24T15:04:55-07:00,0,52
index.js,4,js,9a31238d,Donghyun Koo,2026-04-24,15:04:55,-07:00,2026-04-24T15:04:55-07:00,0,40
index.js,5,js,9a31238d,Donghyun Koo,2026-04-24,15:04:55,-07:00,2026-04-24T15:04:55-07:00,0,0
index.js,6,js,9a31238d,Donghyun Koo,2026-04-24,15:04:55,-07:00,2026-04-24T15:04:55-07:00,0,58
index.js,7,js,9a31238d,Donghyun Koo,2026-04-24,15:04:55,-07:00,2026-04-24T15:04:55-07:00,0,0
index.js,8,js,9a31238d,Donghyun Koo,2026-04-24,15:04:55,-07:00,2026-04-24T15:04:55-07:00,0,52
index.js,9,js,9a31238d,Donghyun Koo,2026-04-24,15:04:55,-07:00,2026-04-24T15:04:55-07:00,0,0
index.js,10,js,9a31238d,Donghyun Koo,2026-04-24,15:04:55,-07:00,2026-04-24T15:04:55-07:00,0,48
index.js,11,js,9a31238d,Donghyun Koo,2026-04-24,15:04:55,-07:00,2026-04-24T15:04:55-07:00,0,0
index.js,12,js,9a31238d,Donghyun Koo,2026-04-24,15:04:55,-07:00,2026-04-24T15:04:55-07:00,0,58
index.js,13,js,9a31238d,Donghyun Koo,2026-04-24,15:04:55,-07:00,2026-04-24T15:04:55-07:00,0,0
index.js,14,js,9a31238d,Donghyun Koo,2026-04-24,15:04:55,-07:00,2026-04-24T15:04:55-07:00,0,15
index.js,15,js,9a31238d,Donghyun Koo,2026-04-24,15:04:55,-07:00,2026-04-24T15:04:55-07:00,0,22
index.js,16,js,9a31238d,Donghyun Koo,2026-04-24,15:04:55,-07:00,2026-04-24T15:04:55-07:00,2,0
index.js,17,js,9a31238d,Donghyun Koo,2026-04-24,15:04:55,-07:00,2026-04-24T15:04:55-07:00,2,47
index.js,18,js,9a31238d,Donghyun Koo,2026-04-24,15:04:55,-07:00,2026-04-24T15:04:55-07:00,2,47
index.js,19,js,9a31238d,Donghyun Koo,2026-04-24,15:04:55,-07:00,2026-04-24T15:04:55-07:00,2,53
index.js,20,js,9a31238d,Donghyun Koo,2026-04-24,15:04:55,-07:00,2026-04-24T15:04:55-07:00,2,53
index.js,21,js,9a31238d,Donghyun Koo,2026-04-24,15:04:55,-07:00,2026-04-24T15:04:55-07:00,2,1
index.js,22,js,9a31238d,Donghyun Koo,2026-04-24,15:04:55,-07:00,2026-04-24T15:04:55-07:00,1,0
index.js,23,js,9a31238d,Donghyun Koo,2026-04-24,15:04:55,-07:00,2026-04-24T15:04:55-07:00,0,0
index.js,24,js,9a31238d,Donghyun Koo,2026-04-24,15:04:55,-07:00,2026-04-24T15:04:55-07:00,0,0
index.js,25,js,9a31238d,Donghyun Koo,2026-04-24,15:04:55,-07:00,2026-04-24T15:04:55-07:00,0,20
index.html,1,html,5609a72e,Donghyun Koo,2026-04-03,23:41:57,-07:00,2026-04-03T23:41:57-07:00,0,11
index.html,2,html,5609a72e,Donghyun Koo,2026-04-03,23:41:57,-07:00,2026-04-03T23:41:57-07:00,0,12
index.html,3,html,5609a72e,Donghyun Koo,2026-04-03,23:41:57,-07:00,2026-04-03T23:41:57-07:00,0,2
index.html,4,html,5609a72e,Donghyun Koo,2026-04-03,23:41:57,-07:00,2026-04-03T23:41:57-07:00,1,18
index.html,5,html,5609a72e,Donghyun Koo,2026-04-03,23:41:57,-07:00,2026-04-03T23:41:57-07:00,1,66
index.html,6,html,227e74dc,Donghyun Koo,2026-04-04,00:35:20,-07:00,2026-04-04T00:35:20-07:00,1,36
index.html,7,html,5609a72e,Donghyun Koo,2026-04-03,23:41:57,-07:00,2026-04-03T23:41:57-07:00,1,52
index.html,8,html,5609a72e,Donghyun Koo,2026-04-03,23:41:57,-07:00,2026-04-03T23:41:57-07:00,0,3
index.html,9,html,5609a72e,Donghyun Koo,2026-04-03,23:41:57,-07:00,2026-04-03T23:41:57-07:00,0,2
index.html,10,html,dd1aae43,Donghyun Koo,2026-04-10,14:26:06,-07:00,2026-04-10T14:26:06-07:00,1,17
index.html,11,html,dd1aae43,Donghyun Koo,2026-04-10,14:26:06,-07:00,2026-04-10T14:26:06-07:00,1,60
index.html,12,html,dd1aae43,Donghyun Koo,2026-04-10,14:26:06,-07:00,2026-04-10T14:26:06-07:00,1,247
index.html,13,html,9a31238d,Donghyun Koo,2026-04-24,15:04:55,-07:00,2026-04-24T15:04:55-07:00,0,0
index.html,14,html,9a31238d,Donghyun Koo,2026-04-24,15:04:55,-07:00,2026-04-24T15:04:55-07:00,1,20
index.html,15,html,9a31238d,Donghyun Koo,2026-04-24,15:04:55,-07:00,2026-04-24T15:04:55-07:00,1,18
index.html,16,html,9a31238d,Donghyun Koo,2026-04-24,15:04:55,-07:00,2026-04-24T15:04:55-07:00,1,47
index.html,17,html,9a31238d,Donghyun Koo,2026-04-24,15:04:55,-07:00,2026-04-24T15:04:55-07:00,1,2
index.html,18,html,9a31238d,Donghyun Koo,2026-04-24,15:04:55,-07:00,2026-04-24T15:04:55-07:00,0,0
index.html,19,html,9a31238d,Donghyun Koo,2026-04-24,15:04:55,-07:00,2026-04-24T15:04:55-07:00,1,20
index.html,20,html,9a31238d,Donghyun Koo,2026-04-24,15:04:55,-07:00,2026-04-24T15:04:55-07:00,1,26
index.html,21,html,9a31238d,Donghyun Koo,2026-04-24,15:04:55,-07:00,2026-04-24T15:04:55-07:00,0,0
index.html,22,html,681d3c3c,Donghyun Koo,2026-04-17,16:43:48,-07:00,2026-04-17T16:43:48-07:00,1,43
index.html,23,html,9a31238d,Donghyun Koo,2026-04-24,15:04:55,-07:00,2026-04-24T15:04:55-07:00,1,48
index.html,24,html,5609a72e,Donghyun Koo,2026-04-03,23:41:57,-07:00,2026-04-03T23:41:57-07:00,0,3
index.html,25,html,5609a72e,Donghyun Koo,2026-04-03,23:41:57,-07:00,2026-04-03T23:41:57-07:00,0,3
global.js,1,js,681d3c3c,Donghyun Koo,2026-04-17,16:43:48,-07:00,2026-04-17T16:43:48-07:00,0,23
global.js,2,js,681d3c3c,Donghyun Koo,2026-04-17,16:43:48,-07:00,2026-04-17T16:43:48-07:00,0,0
global.js,3,js,681d3c3c,Donghyun Koo,2026-04-17,16:43:48,-07:00,2026-04-17T16:43:48-07:00,0,39
global.js,4,js,681d3c3c,Donghyun Koo,2026-04-17,16:43:48,-07:00,2026-04-17T16:43:48-07:00,0,50
global.js,5,js,681d3c3c,Donghyun Koo,2026-04-17,16:43:48,-07:00,2026-04-17T16:43:48-07:00,0,0
global.js,6,js,681d3c3c,Donghyun Koo,2026-04-17,16:43:48,-07:00,2026-04-17T16:43:48-07:00,0,0
global.js,7,js,681d3c3c,Donghyun Koo,2026-04-17,16:43:48,-07:00,2026-04-17T16:43:48-07:00,0,28
global.js,8,js,681d3c3c,Donghyun Koo,2026-04-17,16:43:48,-07:00,2026-04-17T16:43:48-07:00,0,21
global.js,9,js,681d3c3c,Donghyun Koo,2026-04-17,16:43:48,-07:00,2026-04-17T16:43:48-07:00,0,0
global.js,10,js,681d3c3c,Donghyun Koo,2026-04-17,16:43:48,-07:00,2026-04-17T16:43:48-07:00,0,31
global.js,11,js,681d3c3c,Donghyun Koo,2026-04-17,16:43:48,-07:00,2026-04-17T16:43:48-07:00,0,69
global.js,12,js,681d3c3c,Donghyun Koo,2026-04-17,16:43:48,-07:00,2026-04-17T16:43:48-07:00,0,1
global.js,13,js,681d3c3c,Donghyun Koo,2026-04-17,16:43:48,-07:00,2026-04-17T16:43:48-07:00,0,0
global.js,14,js,681d3c3c,Donghyun Koo,2026-04-17,16:43:48,-07:00,2026-04-17T16:43:48-07:00,0,37
global.js,15,js,681d3c3c,Donghyun Koo,2026-04-17,16:43:48,-07:00,2026-04-17T16:43:48-07:00,0,0
global.js,16,js,681d3c3c,Donghyun Koo,2026-04-17,16:43:48,-07:00,2026-04-17T16:43:48-07:00,0,9
global.js,17,js,681d3c3c,Donghyun Koo,2026-04-17,16:43:48,-07:00,2026-04-17T16:43:48-07:00,1,23
global.js,18,js,681d3c3c,Donghyun Koo,2026-04-17,16:43:48,-07:00,2026-04-17T16:43:48-07:00,1,36
global.js,19,js,681d3c3c,Donghyun Koo,2026-04-17,16:43:48,-07:00,2026-04-17T16:43:48-07:00,1,32
global.js,20,js,681d3c3c,Donghyun Koo,2026-04-17,16:43:48,-07:00,2026-04-17T16:43:48-07:00,1,34
global.js,21,js,00000000,Not Committed Yet,2026-05-08,13:34:53,-07:00,2026-05-08T13:34:53-07:00,1,28
global.js,22,js,00000000,Not Committed Yet,2026-05-08,13:34:53,-07:00,2026-05-08T13:34:53-07:00,1,51
global.js,23,js,681d3c3c,Donghyun Koo,2026-04-17,16:43:48,-07:00,2026-04-17T16:43:48-07:00,0,0
global.js,24,js,681d3c3c,Donghyun Koo,2026-04-17,16:43:48,-07:00,2026-04-17T16:43:48-07:00,0,0
global.js,25,js,681d3c3c,Donghyun Koo,2026-04-17,16:43:48,-07:00,2026-04-17T16:43:48-07:00,0,13
global.js,26,js,681d3c3c,Donghyun Koo,2026-04-17,16:43:48,-07:00,2026-04-17T16:43:48-07:00,0,68
global.js,27,js,681d3c3c,Donghyun Koo,2026-04-17,16:43:48,-07:00,2026-04-17T16:43:48-07:00,0,34
global.js,28,js,681d3c3c,Donghyun Koo,2026-04-17,16:43:48,-07:00,2026-04-17T16:43:48-07:00,0,46
global.js,29,js,681d3c3c,Donghyun Koo,2026-04-17,16:43:48,-07:00,2026-04-17T16:43:48-07:00,0,0
global.js,30,js,681d3c3c,Donghyun Koo,2026-04-17,16:43:48,-07:00,2026-04-17T16:43:48-07:00,0,36
global.js,31,js,681d3c3c,Donghyun Koo,2026-04-17,16:43:48,-07:00,2026-04-17T16:43:48-07:00,0,23
global.js,32,js,681d3c3c,Donghyun Koo,2026-04-17,16:43:48,-07:00,2026-04-17T16:43:48-07:00,0,0
global.js,33,js,681d3c3c,Donghyun Koo,2026-04-17,16:43:48,-07:00,2026-04-17T16:43:48-07:00,0,18
global.js,34,js,681d3c3c,Donghyun Koo,2026-04-17,16:43:48,-07:00,2026-04-17T16:43:48-07:00,0,12
global.js,35,js,681d3c3c,Donghyun Koo,2026-04-17,16:43:48,-07:00,2026-04-17T16:43:48-07:00,0,16
global.js,36,js,681d3c3c,Donghyun Koo,2026-04-17,16:43:48,-07:00,2026-04-17T16:43:48-07:00,0,0
global.js,37,js,681d3c3c,Donghyun Koo,2026-04-17,16:43:48,-07:00,2026-04-17T16:43:48-07:00,0,26
global.js,38,js,681d3c3c,Donghyun Koo,2026-04-17,16:43:48,-07:00,2026-04-17T16:43:48-07:00,1,18
global.js,39,js,681d3c3c,Donghyun Koo,2026-04-17,16:43:48,-07:00,2026-04-17T16:43:48-07:00,0,0
global.js,40,js,681d3c3c,Donghyun Koo,2026-04-17,16:43:48,-07:00,2026-04-17T16:43:48-07:00,0,0
global.js,41,js,681d3c3c,Donghyun Koo,2026-04-17,16:43:48,-07:00,2026-04-17T16:43:48-07:00,0,35
global.js,42,js,681d3c3c,Donghyun Koo,2026-04-17,16:43:48,-07:00,2026-04-17T16:43:48-07:00,0,12
global.js,43,js,681d3c3c,Donghyun Koo,2026-04-17,16:43:48,-07:00,2026-04-17T16:43:48-07:00,0,21
global.js,44,js,681d3c3c,Donghyun Koo,2026-04-17,16:43:48,-07:00,2026-04-17T16:43:48-07:00,0,13
global.js,45,js,681d3c3c,Donghyun Koo,2026-04-17,16:43:48,-07:00,2026-04-17T16:43:48-07:00,0,0
global.js,46,js,681d3c3c,Donghyun Koo,2026-04-17,16:43:48,-07:00,2026-04-17T16:43:48-07:00,0,69
global.js,47,js,681d3c3c,Donghyun Koo,2026-04-17,16:43:48,-07:00,2026-04-17T16:43:48-07:00,1,26
global.js,48,js,681d3c3c,Donghyun Koo,2026-04-17,16:43:48,-07:00,2026-04-17T16:43:48-07:00,0,0
global.js,49,js,681d3c3c,Donghyun Koo,2026-04-17,16:43:48,-07:00,2026-04-17T16:43:48-07:00,0,0
global.js,50,js,681d3c3c,Donghyun Koo,2026-04-17,16:43:48,-07:00,2026-04-17T16:43:48-07:00,0,30
global.js,51,js,681d3c3c,Donghyun Koo,2026-04-17,16:43:48,-07:00,2026-04-17T16:43:48-07:00,1,19
global.js,52,js,681d3c3c,Donghyun Koo,2026-04-17,16:43:48,-07:00,2026-04-17T16:43:48-07:00,0,0
global.js,53,js,681d3c3c,Donghyun Koo,2026-04-17,16:43:48,-07:00,2026-04-17T16:43:48-07:00,0,0
global.js,54,js,681d3c3c,Donghyun Koo,2026-04-17,16:43:48,-07:00,2026-04-17T16:43:48-07:00,0,0
global.js,55,js,681d3c3c,Donghyun Koo,2026-04-17,16:43:48,-07:00,2026-04-17T16:43:48-07:00,0,29
global.js,56,js,681d3c3c,Donghyun Koo,2026-04-17,16:43:48,-07:00,2026-04-17T16:43:48-07:00,0,9
global.js,57,js,681d3c3c,Donghyun Koo,2026-04-17,16:43:48,-07:00,2026-04-17T16:43:48-07:00,0,0
global.js,58,js,681d3c3c,Donghyun Koo,2026-04-17,16:43:48,-07:00,2026-04-17T16:43:48-07:00,1,24
global.js,59,js,681d3c3c,Donghyun Koo,2026-04-17,16:43:48,-07:00,2026-04-17T16:43:48-07:00,1,2
global.js,60,js,681d3c3c,Donghyun Koo,2026-04-17,16:43:48,-07:00,2026-04-17T16:43:48-07:00,1,4
global.js,61,js,681d3c3c,Donghyun Koo,2026-04-17,16:43:48,-07:00,2026-04-17T16:43:48-07:00,2,41
global.js,62,js,681d3c3c,Donghyun Koo,2026-04-17,16:43:48,-07:00,2026-04-17T16:43:48-07:00,2,32
global.js,63,js,681d3c3c,Donghyun Koo,2026-04-17,16:43:48,-07:00,2026-04-17T16:43:48-07:00,2,30
global.js,64,js,681d3c3c,Donghyun Koo,2026-04-17,16:43:48,-07:00,2026-04-17T16:43:48-07:00,1,5
global.js,65,js,681d3c3c,Donghyun Koo,2026-04-17,16:43:48,-07:00,2026-04-17T16:43:48-07:00,1,4
global.js,66,js,681d3c3c,Donghyun Koo,2026-04-17,16:43:48,-07:00,2026-04-17T16:43:48-07:00,0,0
global.js,67,js,681d3c3c,Donghyun Koo,2026-04-17,16:43:48,-07:00,2026-04-17T16:43:48-07:00,0,0
global.js,68,js,681d3c3c,Donghyun Koo,2026-04-17,16:43:48,-07:00,2026-04-17T16:43:48-07:00,0,0
global.js,69,js,681d3c3c,Donghyun Koo,2026-04-17,16:43:48,-07:00,2026-04-17T16:43:48-07:00,0,56
global.js,70,js,681d3c3c,Donghyun Koo,2026-04-17,16:43:48,-07:00,2026-04-17T16:43:48-07:00,0,0
global.js,71,js,681d3c3c,Donghyun Koo,2026-04-17,16:43:48,-07:00,2026-04-17T16:43:48-07:00,0,34
global.js,72,js,681d3c3c,Donghyun Koo,2026-04-17,16:43:48,-07:00,2026-04-17T16:43:48-07:00,0,68
global.js,73,js,681d3c3c,Donghyun Koo,2026-04-17,16:43:48,-07:00,2026-04-17T16:43:48-07:00,0,23
global.js,74,js,681d3c3c,Donghyun Koo,2026-04-17,16:43:48,-07:00,2026-04-17T16:43:48-07:00,0,0
global.js,75,js,681d3c3c,Donghyun Koo,2026-04-17,16:43:48,-07:00,2026-04-17T16:43:48-07:00,0,0
global.js,76,js,681d3c3c,Donghyun Koo,2026-04-17,16:43:48,-07:00,2026-04-17T16:43:48-07:00,0,32
global.js,77,js,681d3c3c,Donghyun Koo,2026-04-17,16:43:48,-07:00,2026-04-17T16:43:48-07:00,0,37
global.js,78,js,681d3c3c,Donghyun Koo,2026-04-17,16:43:48,-07:00,2026-04-17T16:43:48-07:00,0,0
global.js,79,js,681d3c3c,Donghyun Koo,2026-04-17,16:43:48,-07:00,2026-04-17T16:43:48-07:00,0,0
global.js,80,js,681d3c3c,Donghyun Koo,2026-04-17,16:43:48,-07:00,2026-04-17T16:43:48-07:00,0,47
global.js,81,js,681d3c3c,Donghyun Koo,2026-04-17,16:43:48,-07:00,2026-04-17T16:43:48-07:00,0,31
global.js,82,js,681d3c3c,Donghyun Koo,2026-04-17,16:43:48,-07:00,2026-04-17T16:43:48-07:00,0,42
global.js,83,js,681d3c3c,Donghyun Koo,2026-04-17,16:43:48,-07:00,2026-04-17T16:43:48-07:00,0,0
global.js,84,js,681d3c3c,Donghyun Koo,2026-04-17,16:43:48,-07:00,2026-04-17T16:43:48-07:00,0,0
global.js,85,js,681d3c3c,Donghyun Koo,2026-04-17,16:43:48,-07:00,2026-04-17T16:43:48-07:00,0,38
global.js,86,js,681d3c3c,Donghyun Koo,2026-04-17,16:43:48,-07:00,2026-04-17T16:43:48-07:00,0,0
global.js,87,js,681d3c3c,Donghyun Koo,2026-04-17,16:43:48,-07:00,2026-04-17T16:43:48-07:00,0,47
global.js,88,js,681d3c3c,Donghyun Koo,2026-04-17,16:43:48,-07:00,2026-04-17T16:43:48-07:00,0,19
global.js,89,js,681d3c3c,Donghyun Koo,2026-04-17,16:43:48,-07:00,2026-04-17T16:43:48-07:00,0,0
global.js,90,js,681d3c3c,Donghyun Koo,2026-04-17,16:43:48,-07:00,2026-04-17T16:43:48-07:00,0,26
global.js,91,js,681d3c3c,Donghyun Koo,2026-04-17,16:43:48,-07:00,2026-04-17T16:43:48-07:00,0,24
global.js,92,js,681d3c3c,Donghyun Koo,2026-04-17,16:43:48,-07:00,2026-04-17T16:43:48-07:00,0,12
global.js,93,js,681d3c3c,Donghyun Koo,2026-04-17,16:43:48,-07:00,2026-04-17T16:43:48-07:00,0,0
global.js,94,js,681d3c3c,Donghyun Koo,2026-04-17,16:43:48,-07:00,2026-04-17T16:43:48-07:00,0,29
global.js,95,js,681d3c3c,Donghyun Koo,2026-04-17,16:43:48,-07:00,2026-04-17T16:43:48-07:00,1,48
global.js,96,js,681d3c3c,Donghyun Koo,2026-04-17,16:43:48,-07:00,2026-04-17T16:43:48-07:00,0,0
global.js,97,js,681d3c3c,Donghyun Koo,2026-04-17,16:43:48,-07:00,2026-04-17T16:43:48-07:00,0,0
global.js,98,js,681d3c3c,Donghyun Koo,2026-04-17,16:43:48,-07:00,2026-04-17T16:43:48-07:00,0,35
global.js,99,js,9a31238d,Donghyun Koo,2026-04-24,15:04:55,-07:00,2026-04-24T15:04:55-07:00,0,0
global.js,100,js,9a31238d,Donghyun Koo,2026-04-24,15:04:55,-07:00,2026-04-24T15:04:55-07:00,0,0
global.js,101,js,9a31238d,Donghyun Koo,2026-04-24,15:04:55,-07:00,2026-04-24T15:04:55-07:00,0,17
global.js,102,js,9a31238d,Donghyun Koo,2026-04-24,15:04:55,-07:00,2026-04-24T15:04:55-07:00,0,0
global.js,103,js,9a31238d,Donghyun Koo,2026-04-24,15:04:55,-07:00,2026-04-24T15:04:55-07:00,0,34
global.js,104,js,9a31238d,Donghyun Koo,2026-04-24,15:04:55,-07:00,2026-04-24T15:04:55-07:00,0,1
global.js,105,js,9a31238d,Donghyun Koo,2026-04-24,15:04:55,-07:00,2026-04-24T15:04:55-07:00,1,37
global.js,106,js,9a31238d,Donghyun Koo,2026-04-24,15:04:55,-07:00,2026-04-24T15:04:55-07:00,1,30
global.js,107,js,9a31238d,Donghyun Koo,2026-04-24,15:04:55,-07:00,2026-04-24T15:04:55-07:00,0,0
global.js,108,js,9a31238d,Donghyun Koo,2026-04-24,15:04:55,-07:00,2026-04-24T15:04:55-07:00,1,18
global.js,109,js,9a31238d,Donghyun Koo,2026-04-24,15:04:55,-07:00,2026-04-24T15:04:55-07:00,0,0
global.js,110,js,9a31238d,Donghyun Koo,2026-04-24,15:04:55,-07:00,2026-04-24T15:04:55-07:00,1,15
global.js,111,js,9a31238d,Donghyun Koo,2026-04-24,15:04:55,-07:00,2026-04-24T15:04:55-07:00,1,64
global.js,112,js,9a31238d,Donghyun Koo,2026-04-24,15:04:55,-07:00,2026-04-24T15:04:55-07:00,1,0
global.js,113,js,9a31238d,Donghyun Koo,2026-04-24,15:04:55,-07:00,2026-04-24T15:04:55-07:00,0,0
global.js,114,js,9a31238d,Donghyun Koo,2026-04-24,15:04:55,-07:00,2026-04-24T15:04:55-07:00,1,31
global.js,115,js,9a31238d,Donghyun Koo,2026-04-24,15:04:55,-07:00,2026-04-24T15:04:55-07:00,1,8
global.js,116,js,9a31238d,Donghyun Koo,2026-04-24,15:04:55,-07:00,2026-04-24T15:04:55-07:00,0,13
global.js,117,js,9a31238d,Donghyun Koo,2026-04-24,15:04:55,-07:00,2026-04-24T15:04:55-07:00,1,57
global.js,118,js,9a31238d,Donghyun Koo,2026-04-24,15:04:55,-07:00,2026-04-24T15:04:55-07:00,0,0
global.js,119,js,9a31238d,Donghyun Koo,2026-04-24,15:04:55,-07:00,2026-04-24T15:04:55-07:00,0,0
global.js,120,js,9a31238d,Donghyun Koo,2026-04-24,15:04:55,-07:00,2026-04-24T15:04:55-07:00,0,0
global.js,121,js,9a31238d,Donghyun Koo,2026-04-24,15:04:55,-07:00,2026-04-24T15:04:55-07:00,0,77
global.js,122,js,9a31238d,Donghyun Koo,2026-04-24,15:04:55,-07:00,2026-04-24T15:04:55-07:00,0,28
global.js,123,js,9a31238d,Donghyun Koo,2026-04-24,15:04:55,-07:00,2026-04-24T15:04:55-07:00,0,0
global.js,124,js,9a31238d,Donghyun Koo,2026-04-24,15:04:55,-07:00,2026-04-24T15:04:55-07:00,0,29
global.js,125,js,9a31238d,Donghyun Koo,2026-04-24,15:04:55,-07:00,2026-04-24T15:04:55-07:00,1,46
global.js,126,js,9a31238d,Donghyun Koo,2026-04-24,15:04:55,-07:00,2026-04-24T15:04:55-07:00,0,0
global.js,127,js,9a31238d,Donghyun Koo,2026-04-24,15:04:55,-07:00,2026-04-24T15:04:55-07:00,1,17
global.js,128,js,9a31238d,Donghyun Koo,2026-04-24,15:04:55,-07:00,2026-04-24T15:04:55-07:00,2,47
global.js,129,js,9a31238d,Donghyun Koo,2026-04-24,15:04:55,-07:00,2026-04-24T15:04:55-07:00,2,47
global.js,130,js,5e0e21d4,Donghyun Koo,2026-04-30,17:42:53,-07:00,2026-04-30T17:42:53-07:00,2,1
global.js,131,js,5e0e21d4,Donghyun Koo,2026-04-30,17:42:53,-07:00,2026-04-30T17:42:53-07:00,3,25
global.js,132,js,5e0e21d4,Donghyun Koo,2026-04-30,17:42:53,-07:00,2026-04-30T17:42:53-07:00,3,42
global.js,133,js,5e0e21d4,Donghyun Koo,2026-04-30,17:42:53,-07:00,2026-04-30T17:42:53-07:00,2,2
global.js,134,js,9a31238d,Donghyun Koo,2026-04-24,15:04:55,-07:00,2026-04-24T15:04:55-07:00,1,0
global.js,135,js,9a31238d,Donghyun Koo,2026-04-24,15:04:55,-07:00,2026-04-24T15:04:55-07:00,0,0
global.js,136,js,9a31238d,Donghyun Koo,2026-04-24,15:04:55,-07:00,2026-04-24T15:04:55-07:00,1,34
global.js,137,js,9a31238d,Donghyun Koo,2026-04-24,15:04:55,-07:00,2026-04-24T15:04:55-07:00,0,0
global.js,138,js,9a31238d,Donghyun Koo,2026-04-24,15:04:55,-07:00,2026-04-24T15:04:55-07:00,0,0
global.js,139,js,9a31238d,Donghyun Koo,2026-04-24,15:04:55,-07:00,2026-04-24T15:04:55-07:00,0,0
global.js,140,js,9a31238d,Donghyun Koo,2026-04-24,15:04:55,-07:00,2026-04-24T15:04:55-07:00,0,45
global.js,141,js,9a31238d,Donghyun Koo,2026-04-24,15:04:55,-07:00,2026-04-24T15:04:55-07:00,0,57
global.js,142,js,9a31238d,Donghyun Koo,2026-04-24,15:04:55,-07:00,2026-04-24T15:04:55-07:00,0,0
resume\index.html,1,html,d3699c05,Donghyun Koo,2026-04-04,01:06:33,-07:00,2026-04-04T01:06:33-07:00,0,11
resume\index.html,2,html,d3699c05,Donghyun Koo,2026-04-04,01:06:33,-07:00,2026-04-04T01:06:33-07:00,0,12
resume\index.html,3,html,d3699c05,Donghyun Koo,2026-04-04,01:06:33,-07:00,2026-04-04T01:06:33-07:00,0,2
resume\index.html,4,html,d3699c05,Donghyun Koo,2026-04-04,01:06:33,-07:00,2026-04-04T01:06:33-07:00,1,18
resume\index.html,5,html,d3699c05,Donghyun Koo,2026-04-04,01:06:33,-07:00,2026-04-04T01:06:33-07:00,1,66
resume\index.html,6,html,dd1aae43,Donghyun Koo,2026-04-10,14:26:06,-07:00,2026-04-10T14:26:06-07:00,1,39
resume\index.html,7,html,d3699c05,Donghyun Koo,2026-04-04,01:06:33,-07:00,2026-04-04T01:06:33-07:00,1,17
resume\index.html,8,html,d3699c05,Donghyun Koo,2026-04-04,01:06:33,-07:00,2026-04-04T01:06:33-07:00,0,3
resume\index.html,9,html,d3699c05,Donghyun Koo,2026-04-04,01:06:33,-07:00,2026-04-04T01:06:33-07:00,0,2
resume\index.html,10,html,5619fbd5,Donghyun Koo,2026-04-10,15:15:50,-07:00,2026-04-10T15:15:50-07:00,0,17
resume\index.html,11,html,5619fbd5,Donghyun Koo,2026-04-10,15:15:50,-07:00,2026-04-10T15:15:50-07:00,1,26
resume\index.html,12,html,5619fbd5,Donghyun Koo,2026-04-10,15:15:50,-07:00,2026-04-10T15:15:50-07:00,1,17
resume\index.html,13,html,5619fbd5,Donghyun Koo,2026-04-10,15:15:50,-07:00,2026-04-10T15:15:50-07:00,1,0
resume\index.html,14,html,5619fbd5,Donghyun Koo,2026-04-10,15:15:50,-07:00,2026-04-10T15:15:50-07:00,2,10
resume\index.html,15,html,5619fbd5,Donghyun Koo,2026-04-10,15:15:50,-07:00,2026-04-10T15:15:50-07:00,2,12
resume\index.html,16,html,5619fbd5,Donghyun Koo,2026-04-10,15:15:50,-07:00,2026-04-10T15:15:50-07:00,2,11
resume\index.html,17,html,5619fbd5,Donghyun Koo,2026-04-10,15:15:50,-07:00,2026-04-10T15:15:50-07:00,2,108
resume\index.html,18,html,bcdd30f4,Donghyun Koo,2026-04-10,15:19:16,-07:00,2026-04-10T15:19:16-07:00,2,85
resume\index.html,19,html,5619fbd5,Donghyun Koo,2026-04-10,15:15:50,-07:00,2026-04-10T15:15:50-07:00,1,0
resume\index.html,20,html,5619fbd5,Donghyun Koo,2026-04-10,15:15:50,-07:00,2026-04-10T15:15:50-07:00,1,5
resume\index.html,21,html,d3699c05,Donghyun Koo,2026-04-04,01:06:33,-07:00,2026-04-04T01:06:33-07:00,0,0
resume\index.html,22,html,5619fbd5,Donghyun Koo,2026-04-10,15:15:50,-07:00,2026-04-10T15:15:50-07:00,1,5
resume\index.html,23,html,5619fbd5,Donghyun Koo,2026-04-10,15:15:50,-07:00,2026-04-10T15:15:50-07:00,1,14
resume\index.html,24,html,d3699c05,Donghyun Koo,2026-04-04,01:06:33,-07:00,2026-04-04T01:06:33-07:00,0,0
resume\index.html,25,html,5619fbd5,Donghyun Koo,2026-04-10,15:15:50,-07:00,2026-04-10T15:15:50-07:00,1,25
resume\index.html,26,html,5619fbd5,Donghyun Koo,2026-04-10,15:15:50,-07:00,2026-04-10T15:15:50-07:00,2,24
resume\index.html,27,html,5619fbd5,Donghyun Koo,2026-04-10,15:15:50,-07:00,2026-04-10T15:15:50-07:00,2,28
resume\index.html,28,html,68d85add,Donghyun Koo,2026-04-10,15:46:27,-07:00,2026-04-10T15:46:27-07:00,2,18
resume\index.html,29,html,5619fbd5,Donghyun Koo,2026-04-10,15:15:50,-07:00,2026-04-10T15:15:50-07:00,2,2
resume\index.html,30,html,5619fbd5,Donghyun Koo,2026-04-10,15:15:50,-07:00,2026-04-10T15:15:50-07:00,2,24
resume\index.html,31,html,5619fbd5,Donghyun Koo,2026-04-10,15:15:50,-07:00,2026-04-10T15:15:50-07:00,2,39
resume\index.html,32,html,5619fbd5,Donghyun Koo,2026-04-10,15:15:50,-07:00,2026-04-10T15:15:50-07:00,2,22
resume\index.html,33,html,5619fbd5,Donghyun Koo,2026-04-10,15:15:50,-07:00,2026-04-10T15:15:50-07:00,2,2
resume\index.html,34,html,5619fbd5,Donghyun Koo,2026-04-10,15:15:50,-07:00,2026-04-10T15:15:50-07:00,2,0
resume\index.html,35,html,5619fbd5,Donghyun Koo,2026-04-10,15:15:50,-07:00,2026-04-10T15:15:50-07:00,2,68
resume\index.html,36,html,5619fbd5,Donghyun Koo,2026-04-10,15:15:50,-07:00,2026-04-10T15:15:50-07:00,2,43
resume\index.html,37,html,5619fbd5,Donghyun Koo,2026-04-10,15:15:50,-07:00,2026-04-10T15:15:50-07:00,2,1
resume\index.html,38,html,57c82591,Donghyun Koo,2026-04-10,15:44:17,-07:00,2026-04-10T15:44:17-07:00,2,24
resume\index.html,39,html,5619fbd5,Donghyun Koo,2026-04-10,15:15:50,-07:00,2026-04-10T15:15:50-07:00,2,47
resume\index.html,40,html,5619fbd5,Donghyun Koo,2026-04-10,15:15:50,-07:00,2026-04-10T15:15:50-07:00,2,22
resume\index.html,41,html,5619fbd5,Donghyun Koo,2026-04-10,15:15:50,-07:00,2026-04-10T15:15:50-07:00,2,2
resume\index.html,42,html,5619fbd5,Donghyun Koo,2026-04-10,15:15:50,-07:00,2026-04-10T15:15:50-07:00,2,24
resume\index.html,43,html,5619fbd5,Donghyun Koo,2026-04-10,15:15:50,-07:00,2026-04-10T15:15:50-07:00,2,29
resume\index.html,44,html,5619fbd5,Donghyun Koo,2026-04-10,15:15:50,-07:00,2026-04-10T15:15:50-07:00,2,21
resume\index.html,45,html,5619fbd5,Donghyun Koo,2026-04-10,15:15:50,-07:00,2026-04-10T15:15:50-07:00,2,2
resume\index.html,46,html,5619fbd5,Donghyun Koo,2026-04-10,15:15:50,-07:00,2026-04-10T15:15:50-07:00,2,0
resume\index.html,47,html,5619fbd5,Donghyun Koo,2026-04-10,15:15:50,-07:00,2026-04-10T15:15:50-07:00,2,68
resume\index.html,48,html,5619fbd5,Donghyun Koo,2026-04-10,15:15:50,-07:00,2026-04-10T15:15:50-07:00,2,43
resume\index.html,49,html,5619fbd5,Donghyun Koo,2026-04-10,15:15:50,-07:00,2026-04-10T15:15:50-07:00,2,1
resume\index.html,50,html,5619fbd5,Donghyun Koo,2026-04-10,15:15:50,-07:00,2026-04-10T15:15:50-07:00,1,6
resume\index.html,51,html,5619fbd5,Donghyun Koo,2026-04-10,15:15:50,-07:00,2026-04-10T15:15:50-07:00,1,6
resume\index.html,52,html,d3699c05,Donghyun Koo,2026-04-04,01:06:33,-07:00,2026-04-04T01:06:33-07:00,0,0
resume\index.html,53,html,5619fbd5,Donghyun Koo,2026-04-10,15:15:50,-07:00,2026-04-10T15:15:50-07:00,1,5
resume\index.html,54,html,5619fbd5,Donghyun Koo,2026-04-10,15:15:50,-07:00,2026-04-10T15:15:50-07:00,1,15
resume\index.html,55,html,d3699c05,Donghyun Koo,2026-04-04,01:06:33,-07:00,2026-04-04T01:06:33-07:00,0,0
resume\index.html,56,html,5619fbd5,Donghyun Koo,2026-04-10,15:15:50,-07:00,2026-04-10T15:15:50-07:00,1,25
resume\index.html,57,html,5619fbd5,Donghyun Koo,2026-04-10,15:15:50,-07:00,2026-04-10T15:15:50-07:00,2,24
resume\index.html,58,html,5619fbd5,Donghyun Koo,2026-04-10,15:15:50,-07:00,2026-04-10T15:15:50-07:00,2,40
resume\index.html,59,html,5619fbd5,Donghyun Koo,2026-04-10,15:15:50,-07:00,2026-04-10T15:15:50-07:00,2,32
resume\index.html,60,html,5619fbd5,Donghyun Koo,2026-04-10,15:15:50,-07:00,2026-04-10T15:15:50-07:00,2,2
resume\index.html,61,html,5619fbd5,Donghyun Koo,2026-04-10,15:15:50,-07:00,2026-04-10T15:15:50-07:00,2,24
resume\index.html,62,html,5619fbd5,Donghyun Koo,2026-04-10,15:15:50,-07:00,2026-04-10T15:15:50-07:00,2,18
resume\index.html,63,html,5619fbd5,Donghyun Koo,2026-04-10,15:15:50,-07:00,2026-04-10T15:15:50-07:00,2,20
resume\index.html,64,html,5619fbd5,Donghyun Koo,2026-04-10,15:15:50,-07:00,2026-04-10T15:15:50-07:00,2,2
resume\index.html,65,html,5619fbd5,Donghyun Koo,2026-04-10,15:15:50,-07:00,2026-04-10T15:15:50-07:00,2,0
resume\index.html,66,html,5619fbd5,Donghyun Koo,2026-04-10,15:15:50,-07:00,2026-04-10T15:15:50-07:00,2,53
resume\index.html,67,html,5619fbd5,Donghyun Koo,2026-04-10,15:15:50,-07:00,2026-04-10T15:15:50-07:00,2,35
resume\index.html,68,html,5619fbd5,Donghyun Koo,2026-04-10,15:15:50,-07:00,2026-04-10T15:15:50-07:00,2,42
resume\index.html,69,html,5619fbd5,Donghyun Koo,2026-04-10,15:15:50,-07:00,2026-04-10T15:15:50-07:00,2,1
resume\index.html,70,html,5619fbd5,Donghyun Koo,2026-04-10,15:15:50,-07:00,2026-04-10T15:15:50-07:00,1,6
resume\index.html,71,html,d3699c05,Donghyun Koo,2026-04-04,01:06:33,-07:00,2026-04-04T01:06:33-07:00,0,0
resume\index.html,72,html,5619fbd5,Donghyun Koo,2026-04-10,15:15:50,-07:00,2026-04-10T15:15:50-07:00,1,25
resume\index.html,73,html,5619fbd5,Donghyun Koo,2026-04-10,15:15:50,-07:00,2026-04-10T15:15:50-07:00,2,24
resume\index.html,74,html,5619fbd5,Donghyun Koo,2026-04-10,15:15:50,-07:00,2026-04-10T15:15:50-07:00,2,33
resume\index.html,75,html,5619fbd5,Donghyun Koo,2026-04-10,15:15:50,-07:00,2026-04-10T15:15:50-07:00,2,32
resume\index.html,76,html,5619fbd5,Donghyun Koo,2026-04-10,15:15:50,-07:00,2026-04-10T15:15:50-07:00,2,2
resume\index.html,77,html,5619fbd5,Donghyun Koo,2026-04-10,15:15:50,-07:00,2026-04-10T15:15:50-07:00,2,24
resume\index.html,78,html,5619fbd5,Donghyun Koo,2026-04-10,15:15:50,-07:00,2026-04-10T15:15:50-07:00,2,18
resume\index.html,79,html,5619fbd5,Donghyun Koo,2026-04-10,15:15:50,-07:00,2026-04-10T15:15:50-07:00,2,20
resume\index.html,80,html,5619fbd5,Donghyun Koo,2026-04-10,15:15:50,-07:00,2026-04-10T15:15:50-07:00,2,2
resume\index.html,81,html,5619fbd5,Donghyun Koo,2026-04-10,15:15:50,-07:00,2026-04-10T15:15:50-07:00,2,0
resume\index.html,82,html,5619fbd5,Donghyun Koo,2026-04-10,15:15:50,-07:00,2026-04-10T15:15:50-07:00,2,36
resume\index.html,83,html,5619fbd5,Donghyun Koo,2026-04-10,15:15:50,-07:00,2026-04-10T15:15:50-07:00,2,41
resume\index.html,84,html,5619fbd5,Donghyun Koo,2026-04-10,15:15:50,-07:00,2026-04-10T15:15:50-07:00,2,1
resume\index.html,85,html,5619fbd5,Donghyun Koo,2026-04-10,15:15:50,-07:00,2026-04-10T15:15:50-07:00,1,6
resume\index.html,86,html,5619fbd5,Donghyun Koo,2026-04-10,15:15:50,-07:00,2026-04-10T15:15:50-07:00,1,6
resume\index.html,87,html,d3699c05,Donghyun Koo,2026-04-04,01:06:33,-07:00,2026-04-04T01:06:33-07:00,0,0
resume\index.html,88,html,5619fbd5,Donghyun Koo,2026-04-10,15:15:50,-07:00,2026-04-10T15:15:50-07:00,1,5
resume\index.html,89,html,5619fbd5,Donghyun Koo,2026-04-10,15:15:50,-07:00,2026-04-10T15:15:50-07:00,1,13
resume\index.html,90,html,d3699c05,Donghyun Koo,2026-04-04,01:06:33,-07:00,2026-04-04T01:06:33-07:00,0,0
resume\index.html,91,html,5619fbd5,Donghyun Koo,2026-04-10,15:15:50,-07:00,2026-04-10T15:15:50-07:00,1,25
resume\index.html,92,html,5619fbd5,Donghyun Koo,2026-04-10,15:15:50,-07:00,2026-04-10T15:15:50-07:00,2,24
resume\index.html,93,html,5619fbd5,Donghyun Koo,2026-04-10,15:15:50,-07:00,2026-04-10T15:15:50-07:00,2,25
resume\index.html,94,html,5619fbd5,Donghyun Koo,2026-04-10,15:15:50,-07:00,2026-04-10T15:15:50-07:00,2,13
resume\index.html,95,html,5619fbd5,Donghyun Koo,2026-04-10,15:15:50,-07:00,2026-04-10T15:15:50-07:00,2,2
resume\index.html,96,html,5619fbd5,Donghyun Koo,2026-04-10,15:15:50,-07:00,2026-04-10T15:15:50-07:00,2,24
resume\index.html,97,html,5619fbd5,Donghyun Koo,2026-04-10,15:15:50,-07:00,2026-04-10T15:15:50-07:00,2,43
resume\index.html,98,html,5619fbd5,Donghyun Koo,2026-04-10,15:15:50,-07:00,2026-04-10T15:15:50-07:00,2,9
resume\index.html,99,html,5619fbd5,Donghyun Koo,2026-04-10,15:15:50,-07:00,2026-04-10T15:15:50-07:00,2,2
resume\index.html,100,html,5619fbd5,Donghyun Koo,2026-04-10,15:15:50,-07:00,2026-04-10T15:15:50-07:00,2,0
resume\index.html,101,html,5619fbd5,Donghyun Koo,2026-04-10,15:15:50,-07:00,2026-04-10T15:15:50-07:00,2,69
resume\index.html,102,html,5619fbd5,Donghyun Koo,2026-04-10,15:15:50,-07:00,2026-04-10T15:15:50-07:00,2,60
resume\index.html,103,html,5619fbd5,Donghyun Koo,2026-04-10,15:15:50,-07:00,2026-04-10T15:15:50-07:00,2,1
resume\index.html,104,html,5619fbd5,Donghyun Koo,2026-04-10,15:15:50,-07:00,2026-04-10T15:15:50-07:00,1,6
resume\index.html,105,html,5619fbd5,Donghyun Koo,2026-04-10,15:15:50,-07:00,2026-04-10T15:15:50-07:00,1,6
resume\index.html,106,html,5619fbd5,Donghyun Koo,2026-04-10,15:15:50,-07:00,2026-04-10T15:15:50-07:00,0,0
resume\index.html,107,html,5619fbd5,Donghyun Koo,2026-04-10,15:15:50,-07:00,2026-04-10T15:15:50-07:00,1,5
resume\index.html,108,html,5619fbd5,Donghyun Koo,2026-04-10,15:15:50,-07:00,2026-04-10T15:15:50-07:00,1,11
resume\index.html,109,html,5619fbd5,Donghyun Koo,2026-04-10,15:15:50,-07:00,2026-04-10T15:15:50-07:00,1,48
resume\index.html,110,html,5619fbd5,Donghyun Koo,2026-04-10,15:15:50,-07:00,2026-04-10T15:15:50-07:00,1,75
resume\index.html,111,html,5619fbd5,Donghyun Koo,2026-04-10,15:15:50,-07:00,2026-04-10T15:15:50-07:00,1,6
resume\index.html,112,html,5619fbd5,Donghyun Koo,2026-04-10,15:15:50,-07:00,2026-04-10T15:15:50-07:00,0,3
resume\index.html,113,html,681d3c3c,Donghyun Koo,2026-04-17,16:43:48,-07:00,2026-04-17T16:43:48-07:00,0,46
resume\index.html,114,html,d3699c05,Donghyun Koo,2026-04-04,01:06:33,-07:00,2026-04-04T01:06:33-07:00,0,3
resume\index.html,115,html,d3699c05,Donghyun Koo,2026-04-04,01:06:33,-07:00,2026-04-04T01:06:33-07:00,0,3
projects\projects.js,1,js,9a31238d,Donghyun Koo,2026-04-24,15:04:55,-07:00,2026-04-24T15:04:55-07:00,0,53
projects\projects.js,2,js,5e0e21d4,Donghyun Koo,2026-04-30,17:42:53,-07:00,2026-04-30T17:42:53-07:00,0,61
projects\projects.js,3,js,9a31238d,Donghyun Koo,2026-04-24,15:04:55,-07:00,2026-04-24T15:04:55-07:00,0,0
projects\projects.js,4,js,9a31238d,Donghyun Koo,2026-04-24,15:04:55,-07:00,2026-04-24T15:04:55-07:00,0,53
projects\projects.js,5,js,9a31238d,Donghyun Koo,2026-04-24,15:04:55,-07:00,2026-04-24T15:04:55-07:00,0,0
projects\projects.js,6,js,9a31238d,Donghyun Koo,2026-04-24,15:04:55,-07:00,2026-04-24T15:04:55-07:00,0,58
projects\projects.js,7,js,9a31238d,Donghyun Koo,2026-04-24,15:04:55,-07:00,2026-04-24T15:04:55-07:00,0,59
projects\projects.js,8,js,9a31238d,Donghyun Koo,2026-04-24,15:04:55,-07:00,2026-04-24T15:04:55-07:00,0,0
projects\projects.js,9,js,9a31238d,Donghyun Koo,2026-04-24,15:04:55,-07:00,2026-04-24T15:04:55-07:00,0,53
projects\projects.js,10,js,9a31238d,Donghyun Koo,2026-04-24,15:04:55,-07:00,2026-04-24T15:04:55-07:00,0,0
projects\projects.js,11,js,5e0e21d4,Donghyun Koo,2026-04-30,17:42:53,-07:00,2026-04-30T17:42:53-07:00,0,11
projects\projects.js,12,js,5e0e21d4,Donghyun Koo,2026-04-30,17:42:53,-07:00,2026-04-30T17:42:53-07:00,0,20
projects\projects.js,13,js,5e0e21d4,Donghyun Koo,2026-04-30,17:42:53,-07:00,2026-04-30T17:42:53-07:00,0,0
projects\projects.js,14,js,5e0e21d4,Donghyun Koo,2026-04-30,17:42:53,-07:00,2026-04-30T17:42:53-07:00,0,12
projects\projects.js,15,js,5e0e21d4,Donghyun Koo,2026-04-30,17:42:53,-07:00,2026-04-30T17:42:53-07:00,0,0
projects\projects.js,16,js,5e0e21d4,Donghyun Koo,2026-04-30,17:42:53,-07:00,2026-04-30T17:42:53-07:00,0,51
projects\projects.js,17,js,5e0e21d4,Donghyun Koo,2026-04-30,17:42:53,-07:00,2026-04-30T17:42:53-07:00,0,0
projects\projects.js,18,js,5e0e21d4,Donghyun Koo,2026-04-30,17:42:53,-07:00,2026-04-30T17:42:53-07:00,0,46
projects\projects.js,19,js,5e0e21d4,Donghyun Koo,2026-04-30,17:42:53,-07:00,2026-04-30T17:42:53-07:00,1,23
projects\projects.js,20,js,5e0e21d4,Donghyun Koo,2026-04-30,17:42:53,-07:00,2026-04-30T17:42:53-07:00,1,12
projects\projects.js,21,js,5e0e21d4,Donghyun Koo,2026-04-30,17:42:53,-07:00,2026-04-30T17:42:53-07:00,0,0
projects\projects.js,22,js,5e0e21d4,Donghyun Koo,2026-04-30,17:42:53,-07:00,2026-04-30T17:42:53-07:00,0,0
projects\projects.js,23,js,5e0e21d4,Donghyun Koo,2026-04-30,17:42:53,-07:00,2026-04-30T17:42:53-07:00,0,22
projects\projects.js,24,js,5e0e21d4,Donghyun Koo,2026-04-30,17:42:53,-07:00,2026-04-30T17:42:53-07:00,1,55
projects\projects.js,25,js,5e0e21d4,Donghyun Koo,2026-04-30,17:42:53,-07:00,2026-04-30T17:42:53-07:00,2,57
projects\projects.js,26,js,5e0e21d4,Donghyun Koo,2026-04-30,17:42:53,-07:00,2026-04-30T17:42:53-07:00,2,40
projects\projects.js,27,js,5e0e21d4,Donghyun Koo,2026-04-30,17:42:53,-07:00,2026-04-30T17:42:53-07:00,1,0
projects\projects.js,28,js,5e0e21d4,Donghyun Koo,2026-04-30,17:42:53,-07:00,2026-04-30T17:42:53-07:00,0,0
projects\projects.js,29,js,5e0e21d4,Donghyun Koo,2026-04-30,17:42:53,-07:00,2026-04-30T17:42:53-07:00,1,30
projects\projects.js,30,js,5e0e21d4,Donghyun Koo,2026-04-30,17:42:53,-07:00,2026-04-30T17:42:53-07:00,2,87
projects\projects.js,31,js,5e0e21d4,Donghyun Koo,2026-04-30,17:42:53,-07:00,2026-04-30T17:42:53-07:00,2,21
projects\projects.js,32,js,5e0e21d4,Donghyun Koo,2026-04-30,17:42:53,-07:00,2026-04-30T17:42:53-07:00,0,0
projects\projects.js,33,js,5e0e21d4,Donghyun Koo,2026-04-30,17:42:53,-07:00,2026-04-30T17:42:53-07:00,1,53
projects\projects.js,34,js,5e0e21d4,Donghyun Koo,2026-04-30,17:42:53,-07:00,2026-04-30T17:42:53-07:00,1,35
projects\projects.js,35,js,5e0e21d4,Donghyun Koo,2026-04-30,17:42:53,-07:00,2026-04-30T17:42:53-07:00,0,0
projects\projects.js,36,js,5e0e21d4,Donghyun Koo,2026-04-30,17:42:53,-07:00,2026-04-30T17:42:53-07:00,0,0
projects\projects.js,37,js,5e0e21d4,Donghyun Koo,2026-04-30,17:42:53,-07:00,2026-04-30T17:42:53-07:00,0,36
projects\projects.js,38,js,5e0e21d4,Donghyun Koo,2026-04-30,17:42:53,-07:00,2026-04-30T17:42:53-07:00,1,24
projects\projects.js,39,js,5e0e21d4,Donghyun Koo,2026-04-30,17:42:53,-07:00,2026-04-30T17:42:53-07:00,2,10
projects\projects.js,40,js,5e0e21d4,Donghyun Koo,2026-04-30,17:42:53,-07:00,2026-04-30T17:42:53-07:00,2,12
projects\projects.js,41,js,5e0e21d4,Donghyun Koo,2026-04-30,17:42:53,-07:00,2026-04-30T17:42:53-07:00,2,9
projects\projects.js,42,js,5e0e21d4,Donghyun Koo,2026-04-30,17:42:53,-07:00,2026-04-30T17:42:53-07:00,1,0
projects\projects.js,43,js,5e0e21d4,Donghyun Koo,2026-04-30,17:42:53,-07:00,2026-04-30T17:42:53-07:00,0,0
projects\projects.js,44,js,5e0e21d4,Donghyun Koo,2026-04-30,17:42:53,-07:00,2026-04-30T17:42:53-07:00,1,42
projects\projects.js,45,js,5e0e21d4,Donghyun Koo,2026-04-30,17:42:53,-07:00,2026-04-30T17:42:53-07:00,2,33
projects\projects.js,46,js,5e0e21d4,Donghyun Koo,2026-04-30,17:42:53,-07:00,2026-04-30T17:42:53-07:00,1,0
projects\projects.js,47,js,5e0e21d4,Donghyun Koo,2026-04-30,17:42:53,-07:00,2026-04-30T17:42:53-07:00,0,0
projects\projects.js,48,js,5e0e21d4,Donghyun Koo,2026-04-30,17:42:53,-07:00,2026-04-30T17:42:53-07:00,1,55
projects\projects.js,49,js,5e0e21d4,Donghyun Koo,2026-04-30,17:42:53,-07:00,2026-04-30T17:42:53-07:00,1,48
projects\projects.js,50,js,5e0e21d4,Donghyun Koo,2026-04-30,17:42:53,-07:00,2026-04-30T17:42:53-07:00,1,31
projects\projects.js,51,js,5e0e21d4,Donghyun Koo,2026-04-30,17:42:53,-07:00,2026-04-30T17:42:53-07:00,1,43
projects\projects.js,52,js,5e0e21d4,Donghyun Koo,2026-04-30,17:42:53,-07:00,2026-04-30T17:42:53-07:00,0,0
projects\projects.js,53,js,5e0e21d4,Donghyun Koo,2026-04-30,17:42:53,-07:00,2026-04-30T17:42:53-07:00,1,26
projects\projects.js,54,js,5e0e21d4,Donghyun Koo,2026-04-30,17:42:53,-07:00,2026-04-30T17:42:53-07:00,2,15
projects\projects.js,55,js,5e0e21d4,Donghyun Koo,2026-04-30,17:42:53,-07:00,2026-04-30T17:42:53-07:00,2,21
projects\projects.js,56,js,5e0e21d4,Donghyun Koo,2026-04-30,17:42:53,-07:00,2026-04-30T17:42:53-07:00,2,14
projects\projects.js,57,js,5e0e21d4,Donghyun Koo,2026-04-30,17:42:53,-07:00,2026-04-30T17:42:53-07:00,2,20
projects\projects.js,58,js,5e0e21d4,Donghyun Koo,2026-04-30,17:42:53,-07:00,2026-04-30T17:42:53-07:00,1,0
projects\projects.js,59,js,5e0e21d4,Donghyun Koo,2026-04-30,17:42:53,-07:00,2026-04-30T17:42:53-07:00,0,0
projects\projects.js,60,js,5e0e21d4,Donghyun Koo,2026-04-30,17:42:53,-07:00,2026-04-30T17:42:53-07:00,1,38
projects\projects.js,61,js,5e0e21d4,Donghyun Koo,2026-04-30,17:42:53,-07:00,2026-04-30T17:42:53-07:00,1,30
projects\projects.js,62,js,5e0e21d4,Donghyun Koo,2026-04-30,17:42:53,-07:00,2026-04-30T17:42:53-07:00,0,0
projects\projects.js,63,js,5e0e21d4,Donghyun Koo,2026-04-30,17:42:53,-07:00,2026-04-30T17:42:53-07:00,1,27
projects\projects.js,64,js,5e0e21d4,Donghyun Koo,2026-04-30,17:42:53,-07:00,2026-04-30T17:42:53-07:00,1,28
projects\projects.js,65,js,5e0e21d4,Donghyun Koo,2026-04-30,17:42:53,-07:00,2026-04-30T17:42:53-07:00,0,0
projects\projects.js,66,js,5e0e21d4,Donghyun Koo,2026-04-30,17:42:53,-07:00,2026-04-30T17:42:53-07:00,1,24
projects\projects.js,67,js,5e0e21d4,Donghyun Koo,2026-04-30,17:42:53,-07:00,2026-04-30T17:42:53-07:00,2,23
projects\projects.js,68,js,5e0e21d4,Donghyun Koo,2026-04-30,17:42:53,-07:00,2026-04-30T17:42:53-07:00,0,0
projects\projects.js,69,js,5e0e21d4,Donghyun Koo,2026-04-30,17:42:53,-07:00,2026-04-30T17:42:53-07:00,2,14
projects\projects.js,70,js,5e0e21d4,Donghyun Koo,2026-04-30,17:42:53,-07:00,2026-04-30T17:42:53-07:00,3,11
projects\projects.js,71,js,5e0e21d4,Donghyun Koo,2026-04-30,17:42:53,-07:00,2026-04-30T17:42:53-07:00,3,22
projects\projects.js,72,js,5e0e21d4,Donghyun Koo,2026-04-30,17:42:53,-07:00,2026-04-30T17:42:53-07:00,3,55
projects\projects.js,73,js,5e0e21d4,Donghyun Koo,2026-04-30,17:42:53,-07:00,2026-04-30T17:42:53-07:00,3,16
projects\projects.js,74,js,5e0e21d4,Donghyun Koo,2026-04-30,17:42:53,-07:00,2026-04-30T17:42:53-07:00,4,63
projects\projects.js,75,js,5e0e21d4,Donghyun Koo,2026-04-30,17:42:53,-07:00,2026-04-30T17:42:53-07:00,4,12
projects\projects.js,76,js,5e0e21d4,Donghyun Koo,2026-04-30,17:42:53,-07:00,2026-04-30T17:42:53-07:00,3,0
projects\projects.js,77,js,5e0e21d4,Donghyun Koo,2026-04-30,17:42:53,-07:00,2026-04-30T17:42:53-07:00,1,0
projects\projects.js,78,js,5e0e21d4,Donghyun Koo,2026-04-30,17:42:53,-07:00,2026-04-30T17:42:53-07:00,0,0
projects\projects.js,79,js,5e0e21d4,Donghyun Koo,2026-04-30,17:42:53,-07:00,2026-04-30T17:42:53-07:00,1,22
projects\projects.js,80,js,5e0e21d4,Donghyun Koo,2026-04-30,17:42:53,-07:00,2026-04-30T17:42:53-07:00,2,2
projects\projects.js,81,js,5e0e21d4,Donghyun Koo,2026-04-30,17:42:53,-07:00,2026-04-30T17:42:53-07:00,3,9
projects\projects.js,82,js,5e0e21d4,Donghyun Koo,2026-04-30,17:42:53,-07:00,2026-04-30T17:42:53-07:00,3,25
projects\projects.js,83,js,5e0e21d4,Donghyun Koo,2026-04-30,17:42:53,-07:00,2026-04-30T17:42:53-07:00,3,58
projects\projects.js,84,js,5e0e21d4,Donghyun Koo,2026-04-30,17:42:53,-07:00,2026-04-30T17:42:53-07:00,3,37
projects\projects.js,85,js,5e0e21d4,Donghyun Koo,2026-04-30,17:42:53,-07:00,2026-04-30T17:42:53-07:00,3,66
projects\projects.js,86,js,5e0e21d4,Donghyun Koo,2026-04-30,17:42:53,-07:00,2026-04-30T17:42:53-07:00,3,16
projects\projects.js,87,js,5e0e21d4,Donghyun Koo,2026-04-30,17:42:53,-07:00,2026-04-30T17:42:53-07:00,4,69
projects\projects.js,88,js,5e0e21d4,Donghyun Koo,2026-04-30,17:42:53,-07:00,2026-04-30T17:42:53-07:00,4,12
projects\projects.js,89,js,5e0e21d4,Donghyun Koo,2026-04-30,17:42:53,-07:00,2026-04-30T17:42:53-07:00,3,0
projects\projects.js,90,js,5e0e21d4,Donghyun Koo,2026-04-30,17:42:53,-07:00,2026-04-30T17:42:53-07:00,1,0
projects\projects.js,91,js,5e0e21d4,Donghyun Koo,2026-04-30,17:42:53,-07:00,2026-04-30T17:42:53-07:00,0,0
projects\index.html,1,html,227e74dc,Donghyun Koo,2026-04-04,00:35:20,-07:00,2026-04-04T00:35:20-07:00,0,11
projects\index.html,2,html,227e74dc,Donghyun Koo,2026-04-04,00:35:20,-07:00,2026-04-04T00:35:20-07:00,0,12
projects\index.html,3,html,227e74dc,Donghyun Koo,2026-04-04,00:35:20,-07:00,2026-04-04T00:35:20-07:00,0,2
projects\index.html,4,html,227e74dc,Donghyun Koo,2026-04-04,00:35:20,-07:00,2026-04-04T00:35:20-07:00,1,18
projects\index.html,5,html,227e74dc,Donghyun Koo,2026-04-04,00:35:20,-07:00,2026-04-04T00:35:20-07:00,1,66
projects\index.html,6,html,dd1aae43,Donghyun Koo,2026-04-10,14:26:06,-07:00,2026-04-10T14:26:06-07:00,1,39
projects\index.html,7,html,227e74dc,Donghyun Koo,2026-04-04,00:35:20,-07:00,2026-04-04T00:35:20-07:00,1,19
projects\index.html,8,html,227e74dc,Donghyun Koo,2026-04-04,00:35:20,-07:00,2026-04-04T00:35:20-07:00,0,3
projects\index.html,9,html,227e74dc,Donghyun Koo,2026-04-04,00:35:20,-07:00,2026-04-04T00:35:20-07:00,0,2
projects\index.html,10,html,9a31238d,Donghyun Koo,2026-04-24,15:04:55,-07:00,2026-04-24T15:04:55-07:00,1,36
projects\index.html,11,html,9a31238d,Donghyun Koo,2026-04-24,15:04:55,-07:00,2026-04-24T15:04:55-07:00,0,0
projects\index.html,12,html,5e0e21d4,Donghyun Koo,2026-04-30,17:42:53,-07:00,2026-04-30T17:42:53-07:00,1,0
projects\index.html,13,html,5e0e21d4,Donghyun Koo,2026-04-30,17:42:53,-07:00,2026-04-30T17:42:53-07:00,1,19
projects\index.html,14,html,5e0e21d4,Donghyun Koo,2026-04-30,17:42:53,-07:00,2026-04-30T17:42:53-07:00,2,56
projects\index.html,15,html,5e0e21d4,Donghyun Koo,2026-04-30,17:42:53,-07:00,2026-04-30T17:42:53-07:00,2,20
projects\index.html,16,html,5e0e21d4,Donghyun Koo,2026-04-30,17:42:53,-07:00,2026-04-30T17:42:53-07:00,1,2
projects\index.html,17,html,5e0e21d4,Donghyun Koo,2026-04-30,17:42:53,-07:00,2026-04-30T17:42:53-07:00,0,0
projects\index.html,18,html,5e0e21d4,Donghyun Koo,2026-04-30,17:42:53,-07:00,2026-04-30T17:42:53-07:00,1,2
projects\index.html,19,html,5e0e21d4,Donghyun Koo,2026-04-30,17:42:53,-07:00,2026-04-30T17:42:53-07:00,2,13
projects\index.html,20,html,5e0e21d4,Donghyun Koo,2026-04-30,17:42:53,-07:00,2026-04-30T17:42:53-07:00,2,9
projects\index.html,21,html,5e0e21d4,Donghyun Koo,2026-04-30,17:42:53,-07:00,2026-04-30T17:42:53-07:00,2,24
projects\index.html,22,html,5e0e21d4,Donghyun Koo,2026-04-30,17:42:53,-07:00,2026-04-30T17:42:53-07:00,2,31
projects\index.html,23,html,5e0e21d4,Donghyun Koo,2026-04-30,17:42:53,-07:00,2026-04-30T17:42:53-07:00,1,0
projects\index.html,24,html,5e0e21d4,Donghyun Koo,2026-04-30,17:42:53,-07:00,2026-04-30T17:42:53-07:00,0,0
projects\index.html,25,html,dd1aae43,Donghyun Koo,2026-04-10,14:26:06,-07:00,2026-04-10T14:26:06-07:00,1,18
projects\index.html,26,html,dd1aae43,Donghyun Koo,2026-04-10,14:26:06,-07:00,2026-04-10T14:26:06-07:00,1,2
projects\index.html,27,html,9a31238d,Donghyun Koo,2026-04-24,15:04:55,-07:00,2026-04-24T15:04:55-07:00,0,0
projects\index.html,28,html,9a31238d,Donghyun Koo,2026-04-24,15:04:55,-07:00,2026-04-24T15:04:55-07:00,1,46
projects\index.html,29,html,9a31238d,Donghyun Koo,2026-04-24,15:04:55,-07:00,2026-04-24T15:04:55-07:00,1,45
projects\index.html,30,html,227e74dc,Donghyun Koo,2026-04-04,00:35:20,-07:00,2026-04-04T00:35:20-07:00,0,3
projects\index.html,31,html,227e74dc,Donghyun Koo,2026-04-04,00:35:20,-07:00,2026-04-04T00:35:20-07:00,0,3
contact\index.html,1,html,227e74dc,Donghyun Koo,2026-04-04,00:35:20,-07:00,2026-04-04T00:35:20-07:00,0,11
contact\index.html,2,html,227e74dc,Donghyun Koo,2026-04-04,00:35:20,-07:00,2026-04-04T00:35:20-07:00,0,12
contact\index.html,3,html,227e74dc,Donghyun Koo,2026-04-04,00:35:20,-07:00,2026-04-04T00:35:20-07:00,0,2
contact\index.html,4,html,227e74dc,Donghyun Koo,2026-04-04,00:35:20,-07:00,2026-04-04T00:35:20-07:00,1,18
contact\index.html,5,html,227e74dc,Donghyun Koo,2026-04-04,00:35:20,-07:00,2026-04-04T00:35:20-07:00,1,66
contact\index.html,6,html,dd1aae43,Donghyun Koo,2026-04-10,14:26:06,-07:00,2026-04-10T14:26:06-07:00,1,39
contact\index.html,7,html,681d3c3c,Donghyun Koo,2026-04-17,16:43:48,-07:00,2026-04-17T16:43:48-07:00,1,18
contact\index.html,8,html,227e74dc,Donghyun Koo,2026-04-04,00:35:20,-07:00,2026-04-04T00:35:20-07:00,0,3
contact\index.html,9,html,227e74dc,Donghyun Koo,2026-04-04,00:35:20,-07:00,2026-04-04T00:35:20-07:00,0,2
contact\index.html,10,html,dd1aae43,Donghyun Koo,2026-04-10,14:26:06,-07:00,2026-04-10T14:26:06-07:00,1,15
contact\index.html,11,html,dd1aae43,Donghyun Koo,2026-04-10,14:26:06,-07:00,2026-04-10T14:26:06-07:00,0,0
contact\index.html,12,html,681d3c3c,Donghyun Koo,2026-04-17,16:43:48,-07:00,2026-04-17T16:43:48-07:00,1,33
contact\index.html,13,html,227e74dc,Donghyun Koo,2026-04-04,00:35:20,-07:00,2026-04-04T00:35:20-07:00,2,3
contact\index.html,14,html,227e74dc,Donghyun Koo,2026-04-04,00:35:20,-07:00,2026-04-04T00:35:20-07:00,3,4
contact\index.html,15,html,227e74dc,Donghyun Koo,2026-04-04,00:35:20,-07:00,2026-04-04T00:35:20-07:00,3,18
contact\index.html,16,html,227e74dc,Donghyun Koo,2026-04-04,00:35:20,-07:00,2026-04-04T00:35:20-07:00,2,4
contact\index.html,17,html,dd1aae43,Donghyun Koo,2026-04-10,14:26:06,-07:00,2026-04-10T14:26:06-07:00,0,0
contact\index.html,18,html,227e74dc,Donghyun Koo,2026-04-04,00:35:20,-07:00,2026-04-04T00:35:20-07:00,2,3
contact\index.html,19,html,227e74dc,Donghyun Koo,2026-04-04,00:35:20,-07:00,2026-04-04T00:35:20-07:00,3,4
contact\index.html,20,html,227e74dc,Donghyun Koo,2026-04-04,00:35:20,-07:00,2026-04-04T00:35:20-07:00,3,38
contact\index.html,21,html,227e74dc,Donghyun Koo,2026-04-04,00:35:20,-07:00,2026-04-04T00:35:20-07:00,2,4
contact\index.html,22,html,dd1aae43,Donghyun Koo,2026-04-10,14:26:06,-07:00,2026-04-10T14:26:06-07:00,0,0
contact\index.html,23,html,dd1aae43,Donghyun Koo,2026-04-10,14:26:06,-07:00,2026-04-10T14:26:06-07:00,2,17
contact\index.html,24,html,227e74dc,Donghyun Koo,2026-04-04,00:35:20,-07:00,2026-04-04T00:35:20-07:00,1,3
contact\index.html,25,html,681d3c3c,Donghyun Koo,2026-04-17,16:43:48,-07:00,2026-04-17T16:43:48-07:00,1,0
contact\index.html,26,html,681d3c3c,Donghyun Koo,2026-04-17,16:43:48,-07:00,2026-04-17T16:43:48-07:00,1,46
contact\index.html,27,html,227e74dc,Donghyun Koo,2026-04-04,00:35:20,-07:00,2026-04-04T00:35:20-07:00,0,3
contact\index.html,28,html,227e74dc,Donghyun Koo,2026-04-04,00:35:20,-07:00,2026-04-04T00:35:20-07:00,0,3
